date,clicks_(organic),clicks_(sponsored),clicks_(total),comments_(organic),comments_(sponsored),comments_(total),engagement_rate_(organic),engagement_rate_(sponsored),engagement_rate_(total),engagements_total,impressions_(organic),impressions_(sponsored),impressions_(total),reactions_(organic),reactions_(sponsored),reactions_(total),reposts_(organic),reposts_(sponsored),reposts_(total),unique_impressions_(organic)
2021-10-11,69,0,69,0,0,0,0.0834990059642147,0.0,0.0834990059642147,84.0,1006,0,1006,15,0,15,0,0,0,673
2021-10-12,37,0,37,0,0,0,0.0719754977029096,0.0,0.0719754977029096,47.0,653,0,653,10,0,10,0,0,0,408
2021-10-13,7,0,7,0,0,0,0.0371900826446281,0.0,0.0371900826446281,9.0,242,0,242,2,0,2,0,0,0,133
2021-10-14,16,0,16,0,0,0,0.1461538461538461,0.0,0.1461538461538461,19.0,130,0,130,3,0,3,0,0,0,85
2021-10-15,1,0,1,0,0,0,0.0149253731343283,0.0,0.0149253731343283,1.0,67,0,67,0,0,0,0,0,0,39
2021-10-16,2,0,2,0,0,0,0.0769230769230769,0.0,0.0769230769230769,4.0,52,0,52,2,0,2,0,0,0,39
2021-10-17,1,0,1,0,0,0,0.0227272727272727,0.0,0.0227272727272727,1.0,44,0,44,0,0,0,0,0,0,31
2021-10-18,1,0,1,0,0,0,0.0425531914893617,0.0,0.0425531914893617,2.0,47,0,47,1,0,1,0,0,0,32
2021-10-19,17,0,17,0,0,0,0.0509433962264151,0.0,0.0509433962264151,27.0,530,0,530,7,0,7,3,0,3,345
2021-10-20,3,0,3,0,0,0,0.0285714285714285,0.0,0.0285714285714285,4.0,140,0,140,1,0,1,0,0,0,67
2021-10-21,49,0,49,0,0,0,0.0682074408117249,0.0,0.0682074408117249,121.0,1774,0,1774,69,0,69,3,0,3,1124
2021-10-22,37,0,37,0,0,0,0.0673339399454049,0.0,0.0673339399454049,74.0,1099,0,1099,32,0,32,5,0,5,637
2021-10-23,5,0,5,0,0,0,0.0501930501930501,0.0,0.0501930501930501,13.0,259,0,259,8,0,8,0,0,0,176
2021-10-24,3,0,3,0,0,0,0.02734375,0.0,0.02734375,7.0,256,0,256,2,0,2,2,0,2,188
2021-10-25,9,0,9,0,0,0,0.0520547945205479,0.0,0.0520547945205479,19.0,365,0,365,9,0,9,1,0,1,238
2021-10-26,8,0,8,0,0,0,0.0606060606060606,0.0,0.0606060606060606,12.0,198,0,198,3,0,3,1,0,1,95
2021-10-27,4,0,4,0,0,0,0.05,0.0,0.05,6.0,120,0,120,1,0,1,1,0,1,46
2021-10-28,3,0,3,0,0,0,0.0476190476190476,0.0,0.0476190476190476,4.0,84,0,84,1,0,1,0,0,0,52
2021-10-29,3,0,3,0,0,0,0.0666666666666666,0.0,0.0666666666666666,5.0,75,0,75,2,0,2,0,0,0,42
2021-10-30,0,0,0,0,0,0,0.0,0.0,0.0,0.0,41,0,41,0,0,0,0,0,0,35
2021-10-31,0,0,0,0,0,0,0.0,0.0,0.0,0.0,34,0,34,0,0,0,0,0,0,25
2021-11-01,0,0,0,0,0,0,0.0,0.0,0.0,0.0,61,0,61,0,0,0,0,0,0,37
2021-11-02,1,0,1,0,0,0,0.0151515151515151,0.0,0.0151515151515151,1.0,66,0,66,0,0,0,0,0,0,24
2021-11-03,0,0,0,0,0,0,0.0,0.0,0.0,0.0,43,0,43,0,0,0,0,0,0,28
2021-11-04,0,0,0,0,0,0,0.0,0.0,0.0,0.0,49,0,49,0,0,0,0,0,0,14
2021-11-05,0,0,0,0,0,0,0.0,0.0,0.0,0.0,14,0,14,0,0,0,0,0,0,5
2021-11-06,1,0,1,0,0,0,0.03125,0.0,0.03125,1.0,32,0,32,0,0,0,0,0,0,21
2021-11-07,3,0,3,0,0,0,0.0566037735849056,0.0,0.0566037735849056,3.0,53,0,53,0,0,0,0,0,0,17
2021-11-08,6,0,6,0,0,0,0.0334261838440111,0.0,0.0334261838440111,12.0,359,0,359,5,0,5,1,0,1,271
2021-11-09,3,0,3,0,0,0,0.0318471337579617,0.0,0.0318471337579617,5.0,157,0,157,2,0,2,0,0,0,89
2021-11-10,1,0,1,0,0,0,0.0106382978723404,0.0,0.0106382978723404,1.0,94,0,94,0,0,0,0,0,0,53
2021-11-11,9,0,9,1,0,1,0.058282208588957,0.0,0.058282208588957,19.0,326,0,326,6,0,6,3,0,3,227
2021-11-12,1,0,1,0,0,0,0.0105263157894736,0.0,0.0105263157894736,1.0,95,0,95,0,0,0,0,0,0,76
2021-11-13,0,0,0,0,0,0,0.0,0.0,0.0,0.0,42,0,42,0,0,0,0,0,0,32
2021-11-14,1,0,1,0,0,0,0.0196078431372549,0.0,0.0196078431372549,1.0,51,0,51,0,0,0,0,0,0,34
2021-11-15,0,0,0,0,0,0,0.0,0.0,0.0,0.0,42,0,42,0,0,0,0,0,0,32
2021-11-16,1,0,1,0,0,0,-0.1034482758620689,0.0,-0.1034482758620689,-3.0,29,0,29,0,0,0,-4,0,-4,22
2021-11-17,1,0,1,0,0,0,0.0263157894736842,0.0,0.0263157894736842,1.0,38,0,38,0,0,0,0,0,0,29
2021-11-18,12,0,12,2,0,2,0.0631868131868131,0.0,0.0631868131868131,23.0,364,0,364,9,0,9,0,0,0,213
2021-11-19,4,0,4,0,0,0,0.0571428571428571,0.0,0.0571428571428571,6.0,105,0,105,0,0,0,2,0,2,70
2021-11-20,0,0,0,0,0,0,0.0,0.0,0.0,0.0,36,0,36,0,0,0,0,0,0,29
2021-11-21,2,0,2,0,0,0,0.0677966101694915,0.0,0.0677966101694915,4.0,59,0,59,2,0,2,0,0,0,44
2021-11-22,0,0,0,0,0,0,0.0,0.0,0.0,0.0,51,0,51,0,0,0,0,0,0,35
2021-11-23,1,0,1,0,0,0,0.0147058823529411,0.0,0.0147058823529411,1.0,68,0,68,0,0,0,0,0,0,23
2021-11-24,0,0,0,0,0,0,0.0,0.0,0.0,0.0,26,0,26,0,0,0,0,0,0,20
2021-11-25,0,0,0,0,0,0,0.0,0.0,0.0,0.0,56,0,56,0,0,0,0,0,0,19
2021-11-26,0,0,0,0,0,0,0.0,0.0,0.0,0.0,38,0,38,0,0,0,0,0,0,23
2021-11-27,0,0,0,0,0,0,0.0,0.0,0.0,0.0,42,0,42,0,0,0,0,0,0,30
2021-11-28,0,0,0,0,0,0,0.0,0.0,0.0,0.0,45,0,45,0,0,0,0,0,0,32
2021-11-29,0,0,0,0,0,0,0.0,0.0,0.0,0.0,95,0,95,0,0,0,0,0,0,71
2021-11-30,0,0,0,0,0,0,-0.0158730158730158,0.0,-0.0158730158730158,-2.0,126,0,126,-2,0,-2,0,0,0,43
2021-12-01,0,0,0,0,0,0,0.0,0.0,0.0,0.0,42,0,42,0,0,0,0,0,0,21
2021-12-02,0,0,0,0,0,0,0.0,0.0,0.0,0.0,19,0,19,0,0,0,0,0,0,14
2021-12-03,0,0,0,0,0,0,0.0,0.0,0.0,0.0,11,0,11,0,0,0,0,0,0,8
2021-12-04,0,0,0,0,0,0,0.0,0.0,0.0,0.0,9,0,9,0,0,0,0,0,0,7
2021-12-05,0,0,0,0,0,0,0.0,0.0,0.0,0.0,9,0,9,0,0,0,0,0,0,6
2021-12-06,0,0,0,0,0,0,0.0,0.0,0.0,0.0,9,0,9,0,0,0,0,0,0,6
2021-12-07,0,0,0,0,0,0,0.0,0.0,0.0,0.0,10,0,10,0,0,0,0,0,0,7
2021-12-08,0,0,0,0,0,0,0.0,0.0,0.0,0.0,11,0,11,0,0,0,0,0,0,9
2021-12-09,2,0,2,0,0,0,0.1333333333333333,0.0,0.1333333333333333,2.0,15,0,15,0,0,0,0,0,0,4
2021-12-10,0,0,0,0,0,0,0.0,0.0,0.0,0.0,7,0,7,0,0,0,0,0,0,5
2021-12-11,0,0,0,0,0,0,0.0,0.0,0.0,0.0,2,0,2,0,0,0,0,0,0,2
2021-12-12,0,0,0,0,0,0,0.0,0.0,0.0,0.0,8,0,8,0,0,0,0,0,0,7
2021-12-13,0,0,0,0,0,0,0.0,0.0,0.0,0.0,10,0,10,0,0,0,0,0,0,8
2021-12-14,1,0,1,0,0,0,0.125,0.0,0.125,1.0,8,0,8,0,0,0,0,0,0,6
2021-12-15,0,0,0,0,0,0,0.0,0.0,0.0,0.0,9,0,9,0,0,0,0,0,0,7
2021-12-16,0,0,0,0,0,0,0.0,0.0,0.0,0.0,9,0,9,0,0,0,0,0,0,5
2021-12-17,0,0,0,0,0,0,0.0,0.0,0.0,0.0,6,0,6,0,0,0,0,0,0,6
2021-12-18,0,0,0,0,0,0,0.0,0.0,0.0,0.0,5,0,5,0,0,0,0,0,0,2
2021-12-19,0,0,0,0,0,0,0.0,0.0,0.0,0.0,2,0,2,0,0,0,0,0,0,1
2021-12-20,26,0,26,0,0,0,0.0595903165735568,0.0,0.0595903165735568,64.0,1074,0,1074,34,0,34,4,0,4,740
2021-12-21,5,0,5,0,0,0,0.0533980582524271,0.0,0.0533980582524271,11.0,206,0,206,6,0,6,0,0,0,134
2021-12-22,14,0,14,0,0,0,0.0458793542905692,0.0,0.0458793542905692,54.0,1177,0,1177,40,0,40,0,0,0,757
2021-12-23,2,0,2,0,0,0,0.0362694300518134,0.0,0.0362694300518134,7.0,193,0,193,5,0,5,0,0,0,139
2021-12-24,0,0,0,0,0,0,0.0111111111111111,0.0,0.0111111111111111,1.0,90,0,90,1,0,1,0,0,0,63
2021-12-25,1,0,1,0,0,0,0.0232558139534883,0.0,0.0232558139534883,1.0,43,0,43,0,0,0,0,0,0,33
2021-12-26,0,0,0,0,0,0,0.02,0.0,0.02,1.0,50,0,50,1,0,1,0,0,0,38
2021-12-27,2,0,2,0,0,0,0.0909090909090909,0.0,0.0909090909090909,3.0,33,0,33,1,0,1,0,0,0,24
2021-12-28,2,0,2,0,0,0,0.0344827586206896,0.0,0.0344827586206896,3.0,87,0,87,1,0,1,0,0,0,51
2021-12-29,0,0,0,0,0,0,0.0,0.0,0.0,0.0,61,0,61,0,0,0,0,0,0,36
2021-12-30,2,0,2,0,0,0,0.0384615384615384,0.0,0.0384615384615384,3.0,78,0,78,1,0,1,0,0,0,31
2021-12-31,0,0,0,0,0,0,0.0,0.0,0.0,0.0,63,0,63,0,0,0,0,0,0,32
2022-01-01,0,0,0,0,0,0,0.037037037037037,0.0,0.037037037037037,1.0,27,0,27,1,0,1,0,0,0,20
2022-01-02,1,0,1,0,0,0,0.027027027027027,0.0,0.027027027027027,1.0,37,0,37,0,0,0,0,0,0,32
2022-01-03,4,0,4,0,0,0,0.0833333333333333,0.0,0.0833333333333333,6.0,72,0,72,2,0,2,0,0,0,42
2022-01-04,6,0,6,0,0,0,0.0705882352941176,0.0,0.0705882352941176,6.0,85,0,85,0,0,0,0,0,0,31
2022-01-05,3,0,3,0,0,0,0.0365853658536585,0.0,0.0365853658536585,3.0,82,0,82,0,0,0,0,0,0,31
2022-01-06,0,0,0,0,0,0,0.0,0.0,0.0,0.0,23,0,23,0,0,0,0,0,0,15
2022-01-07,0,0,0,0,0,0,0.0,0.0,0.0,0.0,36,0,36,0,0,0,0,0,0,23
2022-01-08,0,0,0,0,0,0,0.0,0.0,0.0,0.0,20,0,20,0,0,0,0,0,0,11
2022-01-09,0,0,0,0,0,0,0.0,0.0,0.0,0.0,16,0,16,0,0,0,0,0,0,13
2022-01-10,2,0,2,0,0,0,0.074074074074074,0.0,0.074074074074074,2.0,27,0,27,0,0,0,0,0,0,15
2022-01-11,0,0,0,0,0,0,0.0,0.0,0.0,0.0,10,0,10,0,0,0,0,0,0,9
2022-01-12,0,0,0,0,0,0,0.0,0.0,0.0,0.0,12,0,12,0,0,0,0,0,0,9
2022-01-13,0,0,0,0,0,0,0.0,0.0,0.0,0.0,25,0,25,0,0,0,0,0,0,17
2022-01-14,0,0,0,0,0,0,0.0,0.0,0.0,0.0,5,0,5,0,0,0,0,0,0,4
2022-01-15,0,0,0,0,0,0,0.0,0.0,0.0,0.0,9,0,9,0,0,0,0,0,0,3
2022-01-16,2,0,2,0,0,0,0.1428571428571428,0.0,0.1428571428571428,3.0,21,0,21,1,0,1,0,0,0,12
2022-01-17,2,0,2,0,0,0,0.0227272727272727,0.0,0.0227272727272727,3.0,132,0,132,1,0,1,0,0,0,19
2022-01-18,1,0,1,0,0,0,0.0666666666666666,0.0,0.0666666666666666,3.0,45,0,45,1,0,1,1,0,1,25
2022-01-19,64,0,64,3,0,3,0.0705630791161796,0.0,0.0705630791161796,198.0,2806,0,2806,123,0,123,8,0,8,1827
2022-01-20,60,0,60,7,0,7,0.0833889259506337,0.0,0.0833889259506337,125.0,1499,0,1499,53,0,53,5,0,5,996
2022-01-21,14,0,14,1,0,1,0.061056105610561,0.0,0.061056105610561,37.0,606,0,606,21,0,21,1,0,1,421
2022-01-22,13,0,13,0,0,0,0.0618556701030927,0.0,0.0618556701030927,24.0,388,0,388,11,0,11,0,0,0,274
2022-01-23,7,0,7,0,0,0,0.0339425587467362,0.0,0.0339425587467362,13.0,383,0,383,6,0,6,0,0,0,271
2022-01-24,25,0,25,1,0,1,0.0692717584369449,0.0,0.0692717584369449,39.0,563,0,563,12,0,12,1,0,1,308
2022-01-25,13,0,13,0,0,0,0.0836501901140684,0.0,0.0836501901140684,22.0,263,0,263,9,0,9,0,0,0,208
2022-01-26,5,0,5,0,0,0,0.038647342995169,0.0,0.038647342995169,8.0,207,0,207,3,0,3,0,0,0,170
2022-01-27,6,0,6,0,0,0,0.0547445255474452,0.0,0.0547445255474452,15.0,274,0,274,9,0,9,0,0,0,198
2022-01-28,13,0,13,0,0,0,0.0397022332506203,0.0,0.0397022332506203,16.0,403,0,403,3,0,3,0,0,0,296
2022-01-29,6,0,6,0,0,0,0.0242914979757085,0.0,0.0242914979757085,6.0,247,0,247,0,0,0,0,0,0,196
2022-01-30,5,0,5,0,0,0,0.0333333333333333,0.0,0.0333333333333333,5.0,150,0,150,0,0,0,0,0,0,123
2022-01-31,11,0,11,0,0,0,0.0732984293193717,0.0,0.0732984293193717,14.0,191,0,191,3,0,3,0,0,0,128
2022-02-01,9,0,9,0,0,0,0.0417335473515248,0.0,0.0417335473515248,26.0,623,0,623,17,0,17,0,0,0,430
2022-02-02,10,0,10,0,0,0,0.066079295154185,0.0,0.066079295154185,15.0,227,0,227,5,0,5,0,0,0,129
2022-02-03,2,0,2,0,0,0,0.0303030303030303,0.0,0.0303030303030303,2.0,66,0,66,0,0,0,0,0,0,36
2022-02-04,2,0,2,0,0,0,0.0298507462686567,0.0,0.0298507462686567,2.0,67,0,67,0,0,0,0,0,0,47
2022-02-05,2,0,2,0,0,0,0.0857142857142857,0.0,0.0857142857142857,3.0,35,0,35,1,0,1,0,0,0,24
2022-02-06,5,0,5,0,0,0,0.1351351351351351,0.0,0.1351351351351351,5.0,37,0,37,0,0,0,0,0,0,21
2022-02-07,6,0,6,0,0,0,0.0631578947368421,0.0,0.0631578947368421,6.0,95,0,95,0,0,0,0,0,0,19
2022-02-08,7,0,7,0,0,0,0.0376344086021505,0.0,0.0376344086021505,7.0,186,0,186,0,0,0,0,0,0,28
2022-02-09,4,0,4,0,0,0,0.1111111111111111,0.0,0.1111111111111111,4.0,36,0,36,0,0,0,0,0,0,26
2022-02-10,4,0,4,0,0,0,0.0769230769230769,0.0,0.0769230769230769,4.0,52,0,52,0,0,0,0,0,0,38
2022-02-11,5,0,5,1,0,1,0.2666666666666666,0.0,0.2666666666666666,8.0,30,0,30,2,0,2,0,0,0,25
2022-02-12,1,0,1,0,0,0,0.0363636363636363,0.0,0.0363636363636363,2.0,55,0,55,1,0,1,0,0,0,41
2022-02-13,1,0,1,0,0,0,0.0169491525423728,0.0,0.0169491525423728,1.0,59,0,59,0,0,0,0,0,0,42
2022-02-14,2,0,2,0,0,0,0.0652173913043478,0.0,0.0652173913043478,3.0,46,0,46,1,0,1,0,0,0,32
2022-02-15,2,0,2,0,0,0,0.0833333333333333,0.0,0.0833333333333333,3.0,36,0,36,1,0,1,0,0,0,24
2022-02-16,0,0,0,0,0,0,0.0,0.0,0.0,0.0,22,0,22,0,0,0,0,0,0,14
2022-02-17,0,0,0,0,0,0,0.0,0.0,0.0,0.0,21,0,21,0,0,0,0,0,0,19
2022-02-18,0,0,0,0,0,0,0.0,0.0,0.0,0.0,5,0,5,0,0,0,0,0,0,4
2022-02-19,2,0,2,0,0,0,0.2,0.0,0.2,2.0,10,0,10,0,0,0,0,0,0,6
2022-02-20,0,0,0,0,0,0,0.0,0.0,0.0,0.0,10,0,10,0,0,0,0,0,0,6
2022-02-21,2,0,2,0,0,0,0.0714285714285714,0.0,0.0714285714285714,2.0,28,0,28,0,0,0,0,0,0,7
2022-02-22,0,0,0,0,0,0,0.0,0.0,0.0,0.0,15,0,15,0,0,0,0,0,0,9
2022-02-23,9,0,9,0,0,0,0.0380952380952381,0.0,0.0380952380952381,24.0,630,0,630,14,0,14,1,0,1,412
2022-02-24,6,0,6,0,0,0,0.0655737704918032,0.0,0.0655737704918032,12.0,183,0,183,5,0,5,1,0,1,118
2022-02-25,0,0,0,0,0,0,-0.0208333333333333,0.0,-0.0208333333333333,-1.0,48,0,48,0,0,0,-1,0,-1,34
2022-02-26,1,0,1,0,0,0,0.0434782608695652,0.0,0.0434782608695652,1.0,23,0,23,0,0,0,0,0,0,20
2022-02-27,1,0,1,0,0,0,0.0285714285714285,0.0,0.0285714285714285,1.0,35,0,35,0,0,0,0,0,0,23
2022-02-28,2,0,2,0,0,0,0.0444444444444444,0.0,0.0444444444444444,2.0,45,0,45,0,0,0,0,0,0,29
2022-03-01,0,0,0,0,0,0,0.0,0.0,0.0,0.0,25,0,25,0,0,0,0,0,0,16
2022-03-02,12,0,12,1,0,1,0.0544217687074829,0.0,0.0544217687074829,32.0,588,0,588,16,0,16,3,0,3,408
2022-03-03,10,0,10,0,0,0,0.0890052356020942,0.0,0.0890052356020942,17.0,191,0,191,5,0,5,2,0,2,136
2022-03-04,0,0,0,0,0,0,0.0169491525423728,0.0,0.0169491525423728,1.0,59,0,59,1,0,1,0,0,0,47
2022-03-05,0,0,0,0,0,0,0.0526315789473684,0.0,0.0526315789473684,1.0,19,0,19,1,0,1,0,0,0,18
2022-03-06,0,0,0,0,0,0,0.0,0.0,0.0,0.0,34,0,34,0,0,0,0,0,0,28
2022-03-07,0,0,0,0,0,0,0.0,0.0,0.0,0.0,23,0,23,0,0,0,0,0,0,14
2022-03-08,17,0,17,2,0,2,0.0621242484969939,0.0,0.0621242484969939,31.0,499,0,499,12,0,12,0,0,0,381
2022-03-09,29,0,29,2,0,2,0.0620915032679738,0.0,0.0620915032679738,57.0,918,0,918,20,0,20,6,0,6,515
2022-03-10,20,0,20,1,0,1,0.0884353741496598,0.0,0.0884353741496598,26.0,294,0,294,4,0,4,1,0,1,179
2022-03-11,6,0,6,0,0,0,0.0481927710843373,0.0,0.0481927710843373,8.0,166,0,166,2,0,2,0,0,0,103
2022-03-12,3,0,3,0,0,0,0.0425531914893617,0.0,0.0425531914893617,4.0,94,0,94,1,0,1,0,0,0,66
2022-03-13,2,0,2,0,0,0,0.0444444444444444,0.0,0.0444444444444444,4.0,90,0,90,1,0,1,1,0,1,58
2022-03-14,5,0,5,0,0,0,0.0660377358490566,0.0,0.0660377358490566,7.0,106,0,106,2,0,2,0,0,0,65
2022-03-15,1,0,1,0,0,0,0.0163934426229508,0.0,0.0163934426229508,1.0,61,0,61,0,0,0,0,0,0,29
2022-03-16,16,0,16,1,0,1,0.0483221476510067,0.0,0.0483221476510067,36.0,745,0,745,17,0,17,2,0,2,450
2022-03-17,1,0,1,0,0,0,0.0161290322580645,0.0,0.0161290322580645,2.0,124,0,124,1,0,1,0,0,0,89
2022-03-18,10,0,10,0,0,0,0.0533807829181494,0.0,0.0533807829181494,30.0,562,0,562,20,0,20,0,0,0,403
2022-03-19,5,0,5,0,0,0,0.0338983050847457,0.0,0.0338983050847457,6.0,177,0,177,1,0,1,0,0,0,126
2022-03-20,0,0,0,0,0,0,0.0267857142857142,0.0,0.0267857142857142,3.0,112,0,112,3,0,3,0,0,0,86
2022-03-21,2,0,2,0,0,0,0.0277777777777777,0.0,0.0277777777777777,3.0,108,0,108,1,0,1,0,0,0,59
2022-03-22,41,0,41,1,0,1,0.0588235294117647,0.0,0.0588235294117647,106.0,1802,0,1802,63,0,63,1,0,1,1263
2022-03-23,27,0,27,3,0,3,0.041029207232267,0.0,0.041029207232267,59.0,1438,0,1438,28,0,28,1,0,1,956
2022-03-24,67,0,67,0,0,0,0.1234756097560975,0.0,0.1234756097560975,81.0,656,0,656,14,0,14,0,0,0,366
2022-03-25,3,0,3,0,0,0,0.0572916666666666,0.0,0.0572916666666666,11.0,192,0,192,8,0,8,0,0,0,136
2022-03-26,1,0,1,0,0,0,0.016,0.0,0.016,2.0,125,0,125,1,0,1,0,0,0,96
2022-03-27,0,0,0,0,0,0,0.0,0.0,0.0,0.0,135,0,135,0,0,0,0,0,0,95
2022-03-28,38,0,38,0,0,0,0.0565770862800565,0.0,0.0565770862800565,80.0,1414,0,1414,40,0,40,2,0,2,971
2022-03-29,25,0,25,2,0,2,0.0494880546075085,0.0,0.0494880546075085,58.0,1172,0,1172,31,0,31,0,0,0,782
2022-03-30,65,0,65,3,0,3,0.0714681440443213,0.0,0.0714681440443213,129.0,1805,0,1805,58,0,58,3,0,3,1109
2022-03-31,19,0,19,1,0,1,0.0581683168316831,0.0,0.0581683168316831,47.0,808,0,808,25,0,25,2,0,2,540
2022-04-01,16,0,16,0,0,0,0.0922190201729106,0.0,0.0922190201729106,32.0,347,0,347,15,0,15,1,0,1,221
2022-04-02,8,0,8,0,0,0,0.0442477876106194,0.0,0.0442477876106194,10.0,226,0,226,2,0,2,0,0,0,153
2022-04-03,7,0,7,0,0,0,0.0613207547169811,0.0,0.0613207547169811,13.0,212,0,212,6,0,6,0,0,0,153
2022-04-04,39,21,60,1,0,1,0.0501960784313725,0.0178313253012048,0.0301492537313432,101.0,1275,2075,3350,23,3,26,1,0,1,851
2022-04-05,15,7,22,1,0,1,0.0336351875808538,0.0146771037181996,0.0198793042243521,56.0,773,2044,2817,7,4,11,3,0,3,563
2022-04-06,14,17,31,0,0,0,0.0712694877505567,0.019538188277087,0.0281377267678637,76.0,449,2252,2701,16,5,21,2,0,2,318
2022-04-07,13,16,29,8,0,8,0.0706521739130434,0.0116572148708254,0.0227621483375959,89.0,736,3174,3910,28,7,35,3,0,3,535
2022-04-08,8,16,24,1,0,1,0.0354223433242506,0.0119013884953244,0.0141170431211498,55.0,367,3529,3896,3,3,6,1,1,2,217
2022-04-09,3,6,9,3,0,3,0.0478723404255319,0.0096153846153846,0.0137299771167048,24.0,188,1560,1748,2,2,4,1,0,1,103
2022-04-10,8,2,10,0,0,0,0.0736196319018405,0.0031625553447185,0.0097477064220183,17.0,163,1581,1744,2,1,3,2,0,2,107
2022-04-11,52,21,73,0,1,1,0.0611263736263736,0.0188146754468485,0.0320775026910656,149.0,1456,3189,4645,33,7,40,4,0,4,845
2022-04-12,50,22,72,6,0,6,0.0587356893977103,0.0197941409342834,0.037045203969129,168.0,2009,2526,4535,58,3,61,4,0,4,1370
2022-04-13,46,25,71,1,1,2,0.05893536121673,0.0248297957549058,0.0380368098159509,155.0,1578,2497,4075,44,4,48,2,0,2,998
2022-04-14,26,25,51,2,0,2,0.0622270742358078,0.0291146761734997,0.0407849172758753,106.0,916,1683,2599,29,3,32,0,0,0,540
2022-04-15,8,11,19,1,0,1,0.0417827298050139,0.0184331797235023,0.0234798314268512,39.0,359,1302,1661,6,2,8,0,1,1,241
2022-04-16,6,8,14,0,0,0,0.0305084745762711,0.0194174757281553,0.0226377952755905,23.0,295,721,1016,3,3,6,0,0,0,217
2022-04-17,10,5,15,0,0,0,0.0498442367601246,0.0166453265044814,0.0263157894736842,29.0,321,781,1102,6,1,7,0,0,0,223
2022-04-18,5,15,20,0,0,0,0.0209424083769633,0.0248175182481751,0.023972602739726,42.0,382,1370,1752,2,5,7,1,0,1,276
2022-04-19,61,15,76,2,0,2,0.060619872379216,0.0172894590072504,0.0411336844745422,164.0,2194,1793,3987,59,2,61,11,0,11,1290
2022-04-20,38,14,52,1,0,1,0.0506697728596389,0.0212514757969303,0.0360598065083553,123.0,1717,1694,3411,45,5,50,3,1,4,1046
2022-04-21,56,9,65,1,1,2,0.040416798231765,0.0231179608772969,0.034404614750721,167.0,3167,1687,4854,67,7,74,4,0,4,1786
2022-04-22,45,8,53,0,0,0,0.0558419243986254,0.0258342303552206,0.0425226946966077,89.0,1164,929,2093,19,2,21,1,0,1,645
2022-04-23,11,3,14,0,0,0,0.04375,0.0153061224489795,0.0280898876404494,20.0,320,392,712,3,2,5,0,0,0,211
2022-04-24,9,5,14,0,0,0,0.0412698412698412,0.0311804008908685,0.0353403141361256,27.0,315,449,764,4,4,8,0,0,0,218
2022-04-25,90,8,98,3,0,3,0.0704381586245147,0.0221366698748796,0.0527797325826882,150.0,1803,1039,2842,30,1,31,4,0,4,1075
2022-04-26,58,6,64,0,0,0,0.0785454545454545,0.0288461538461538,0.0584162700129813,135.0,1375,936,2311,50,5,55,0,1,1,972
2022-04-27,52,13,65,0,0,0,0.0757128810226155,0.0323559150657229,0.0543369890329012,109.0,1017,989,2006,22,1,23,3,0,3,538
2022-04-28,35,0,35,2,0,2,0.0533010296789824,0.0,0.0533010296789824,88.0,1651,0,1651,50,0,50,1,0,1,1016
2022-04-29,28,0,28,0,0,0,0.0709939148073022,0.0,0.0709939148073022,35.0,493,0,493,7,0,7,0,0,0,265
2022-04-30,0,0,0,0,0,0,0.1333333333333333,0.0,0.1333333333333333,2.0,15,0,15,2,0,2,0,0,0,14
2022-05-01,9,0,9,0,0,0,0.0454545454545454,0.0,0.0454545454545454,13.0,286,0,286,4,0,4,0,0,0,177
2022-05-02,4,0,4,0,0,0,0.0212765957446808,0.0,0.0212765957446808,6.0,282,0,282,2,0,2,0,0,0,195
2022-05-03,2,0,2,0,0,0,0.0088495575221238,0.0,0.0088495575221238,2.0,226,0,226,0,0,0,0,0,0,171
2022-05-04,0,0,0,0,0,0,0.015267175572519,0.0,0.015267175572519,2.0,131,0,131,2,0,2,0,0,0,95
2022-05-05,0,0,0,0,0,0,0.009090909090909,0.0,0.009090909090909,1.0,110,0,110,1,0,1,0,0,0,74
2022-05-06,0,0,0,0,0,0,0.0073529411764705,0.0,0.0073529411764705,1.0,136,0,136,1,0,1,0,0,0,42
2022-05-07,0,0,0,0,0,0,0.0,0.0,0.0,0.0,35,0,35,0,0,0,0,0,0,30
2022-05-08,1,0,1,0,0,0,0.0185185185185185,0.0,0.0185185185185185,1.0,54,0,54,0,0,0,0,0,0,36
2022-05-09,0,0,0,0,0,0,0.0111111111111111,0.0,0.0111111111111111,1.0,90,0,90,1,0,1,0,0,0,57
2022-05-10,0,0,0,0,0,0,0.0263157894736842,0.0,0.0263157894736842,1.0,38,0,38,1,0,1,0,0,0,21
2022-05-11,15,0,15,0,0,0,0.0434782608695652,0.0,0.0434782608695652,32.0,736,0,736,17,0,17,0,0,0,537
2022-05-12,11,0,11,0,0,0,0.0574162679425837,0.0,0.0574162679425837,24.0,418,0,418,11,0,11,2,0,2,243
2022-05-13,4,0,4,0,0,0,0.0303030303030303,0.0,0.0303030303030303,7.0,231,0,231,3,0,3,0,0,0,114
2022-05-14,0,0,0,0,0,0,0.0140845070422535,0.0,0.0140845070422535,2.0,142,0,142,2,0,2,0,0,0,75
2022-05-15,3,0,3,0,0,0,0.0141843971631205,0.0,0.0141843971631205,4.0,282,0,282,1,0,1,0,0,0,99
2022-05-16,1,0,1,0,0,0,0.0251572327044025,0.0,0.0251572327044025,4.0,159,0,159,2,0,2,1,0,1,101
2022-05-17,25,0,25,0,0,0,0.0414617006324666,0.0,0.0414617006324666,59.0,1423,0,1423,34,0,34,0,0,0,994
2022-05-18,6,0,6,0,0,0,0.0305676855895196,0.0,0.0305676855895196,7.0,229,0,229,1,0,1,0,0,0,156
2022-05-19,5,0,5,0,0,0,0.0201149425287356,0.0,0.0201149425287356,7.0,348,0,348,2,0,2,0,0,0,220
2022-05-20,0,0,0,0,0,0,0.010752688172043,0.0,0.010752688172043,2.0,186,0,186,2,0,2,0,0,0,113
2022-05-21,0,0,0,0,0,0,0.0,0.0,0.0,0.0,111,0,111,0,0,0,0,0,0,70
2022-05-22,3,0,3,0,0,0,0.0326086956521739,0.0,0.0326086956521739,3.0,92,0,92,0,0,0,0,0,0,54
2022-05-23,1,0,1,0,0,0,0.0126582278481012,0.0,0.0126582278481012,1.0,79,0,79,0,0,0,0,0,0,52
2022-05-24,1,0,1,0,0,0,0.0352112676056338,0.0,0.0352112676056338,5.0,142,0,142,4,0,4,0,0,0,102
2022-05-25,2,0,2,0,0,0,0.0285714285714285,0.0,0.0285714285714285,2.0,70,0,70,0,0,0,0,0,0,49
2022-05-26,10,0,10,0,0,0,0.0291902071563088,0.0,0.0291902071563088,31.0,1062,0,1062,21,0,21,0,0,0,742
2022-05-27,34,0,34,0,0,0,0.0403614457831325,0.0,0.0403614457831325,67.0,1660,0,1660,31,0,31,2,0,2,1060
2022-05-28,13,0,13,0,0,0,0.066079295154185,0.0,0.066079295154185,15.0,227,0,227,2,0,2,0,0,0,162
2022-05-29,2,0,2,0,0,0,0.0444444444444444,0.0,0.0444444444444444,4.0,90,0,90,2,0,2,0,0,0,66
2022-05-30,53,0,53,0,0,0,0.0435019032082653,0.0,0.0435019032082653,80.0,1839,0,1839,27,0,27,0,0,0,1223
2022-05-31,11,0,11,0,0,0,0.0403022670025188,0.0,0.0403022670025188,16.0,397,0,397,5,0,5,0,0,0,274
2022-06-01,4,0,4,0,0,0,0.048780487804878,0.0,0.048780487804878,6.0,123,0,123,2,0,2,0,0,0,81
2022-06-02,3,0,3,0,0,0,0.0364963503649635,0.0,0.0364963503649635,5.0,137,0,137,2,0,2,0,0,0,51
2022-06-03,2,0,2,0,0,0,0.0165289256198347,0.0,0.0165289256198347,2.0,121,0,121,0,0,0,0,0,0,49
2022-06-04,3,0,3,0,0,0,0.0394736842105263,0.0,0.0394736842105263,3.0,76,0,76,0,0,0,0,0,0,45
2022-06-05,0,0,0,0,0,0,0.0104166666666666,0.0,0.0104166666666666,1.0,96,0,96,1,0,1,0,0,0,66
2022-06-06,5,0,5,0,0,0,0.059322033898305,0.0,0.059322033898305,7.0,118,0,118,2,0,2,0,0,0,73
2022-06-07,21,0,21,2,0,2,0.0568070519098922,0.0,0.0568070519098922,58.0,1021,0,1021,33,0,33,2,0,2,743
2022-06-08,6,0,6,0,0,0,0.0760869565217391,0.0,0.0760869565217391,14.0,184,0,184,8,0,8,0,0,0,130
2022-06-09,5,0,5,0,0,0,0.1714285714285714,0.0,0.1714285714285714,6.0,35,0,35,1,0,1,0,0,0,25
2022-06-10,2,0,2,0,0,0,0.0796178343949044,0.0,0.0796178343949044,25.0,314,0,314,22,0,22,1,0,1,196
2022-06-11,3,0,3,0,0,0,0.1041666666666666,0.0,0.1041666666666666,5.0,48,0,48,2,0,2,0,0,0,22
2022-06-12,3,0,3,0,0,0,0.1538461538461538,0.0,0.1538461538461538,4.0,26,0,26,1,0,1,0,0,0,17
2022-06-13,1,0,1,0,0,0,0.1313131313131313,0.0,0.1313131313131313,13.0,99,0,99,12,0,12,0,0,0,74
2022-06-14,0,0,0,0,0,0,0.1568627450980392,0.0,0.1568627450980392,8.0,51,0,51,8,0,8,0,0,0,32
2022-06-15,4,0,4,0,0,0,0.0654205607476635,0.0,0.0654205607476635,7.0,107,0,107,3,0,3,0,0,0,66
2022-06-16,6,0,6,0,0,0,0.0305555555555555,0.0,0.0305555555555555,11.0,360,0,360,4,0,4,1,0,1,205
2022-06-17,6,0,6,0,0,0,0.1157024793388429,0.0,0.1157024793388429,14.0,121,0,121,7,0,7,1,0,1,76
2022-06-18,3,0,3,0,0,0,0.03,0.0,0.03,3.0,100,0,100,0,0,0,0,0,0,44
2022-06-19,0,0,0,0,0,0,0.0117647058823529,0.0,0.0117647058823529,1.0,85,0,85,1,0,1,0,0,0,56
2022-06-20,2,0,2,0,0,0,0.0241935483870967,0.0,0.0241935483870967,3.0,124,0,124,1,0,1,0,0,0,81
2022-06-21,7,0,7,0,0,0,0.0211946050096339,0.0,0.0211946050096339,11.0,519,0,519,4,0,4,0,0,0,324
2022-06-22,4,0,4,0,0,0,0.0387096774193548,0.0,0.0387096774193548,6.0,155,0,155,2,0,2,0,0,0,65
2022-06-23,1,0,1,0,0,0,0.0138888888888888,0.0,0.0138888888888888,1.0,72,0,72,0,0,0,0,0,0,40
2022-06-24,2,0,2,0,0,0,0.0461538461538461,0.0,0.0461538461538461,3.0,65,0,65,1,0,1,0,0,0,34
2022-06-25,0,0,0,0,0,0,0.0,0.0,0.0,0.0,54,0,54,0,0,0,0,0,0,32
2022-06-26,4,0,4,0,0,0,0.0980392156862745,0.0,0.0980392156862745,5.0,51,0,51,1,0,1,0,0,0,35
2022-06-27,1,0,1,0,0,0,0.0327868852459016,0.0,0.0327868852459016,2.0,61,0,61,1,0,1,0,0,0,42
2022-06-28,3,0,3,0,0,0,0.05,0.0,0.05,3.0,60,0,60,0,0,0,0,0,0,34
2022-06-29,22,0,22,1,0,1,0.0584329349269588,0.0,0.0584329349269588,44.0,753,0,753,20,0,20,1,0,1,491
2022-06-30,16,0,16,0,0,0,0.0561797752808988,0.0,0.0561797752808988,20.0,356,0,356,4,0,4,0,0,0,149
2022-07-01,8,0,8,0,0,0,0.0775862068965517,0.0,0.0775862068965517,9.0,116,0,116,1,0,1,0,0,0,59
2022-07-02,3,0,3,0,0,0,0.0526315789473684,0.0,0.0526315789473684,4.0,76,0,76,1,0,1,0,0,0,45
2022-07-03,0,0,0,0,0,0,0.0138888888888888,0.0,0.0138888888888888,1.0,72,0,72,1,0,1,0,0,0,50
2022-07-04,112,0,112,2,0,2,0.0857632933104631,0.0,0.0857632933104631,150.0,1749,0,1749,34,0,34,2,0,2,1200
2022-07-05,24,0,24,0,0,0,0.0648330058939096,0.0,0.0648330058939096,33.0,509,0,509,9,0,9,0,0,0,248
2022-07-06,34,0,34,0,0,0,0.0615243342516069,0.0,0.0615243342516069,67.0,1089,0,1089,33,0,33,0,0,0,704
2022-07-07,16,0,16,0,0,0,0.0417376490630323,0.0,0.0417376490630323,49.0,1174,0,1174,31,0,31,2,0,2,757
2022-07-08,4,0,4,0,0,0,0.0381355932203389,0.0,0.0381355932203389,9.0,236,0,236,5,0,5,0,0,0,147
2022-07-09,5,0,5,0,0,0,0.0633802816901408,0.0,0.0633802816901408,9.0,142,0,142,4,0,4,0,0,0,95
2022-07-10,7,0,7,0,0,0,0.0448717948717948,0.0,0.0448717948717948,7.0,156,0,156,0,0,0,0,0,0,99
2022-07-11,33,0,33,1,0,1,0.0452781371280724,0.0,0.0452781371280724,70.0,1546,0,1546,36,0,36,0,0,0,1097
2022-07-12,26,0,26,1,0,1,0.0606435643564356,0.0,0.0606435643564356,49.0,808,0,808,22,0,22,0,0,0,482
2022-07-13,10,0,10,1,0,1,0.0455764075067024,0.0,0.0455764075067024,17.0,373,0,373,6,0,6,0,0,0,196
2022-07-14,36,0,36,2,0,2,0.0529857022708158,0.0,0.0529857022708158,63.0,1189,0,1189,25,0,25,0,0,0,674
2022-07-15,11,0,11,0,0,0,0.0405405405405405,0.0,0.0405405405405405,15.0,370,0,370,4,0,4,0,0,0,192
2022-07-16,3,0,3,0,0,0,0.0298507462686567,0.0,0.0298507462686567,4.0,134,0,134,1,0,1,0,0,0,86
2022-07-17,1,0,1,0,0,0,0.0068965517241379,0.0,0.0068965517241379,1.0,145,0,145,0,0,0,0,0,0,102
2022-07-18,18,0,18,0,0,0,0.0335097001763668,0.0,0.0335097001763668,19.0,567,0,567,1,0,1,0,0,0,236
2022-07-19,18,0,18,0,0,0,0.0425531914893617,0.0,0.0425531914893617,30.0,705,0,705,12,0,12,0,0,0,422
2022-07-20,24,0,24,0,0,0,0.0455445544554455,0.0,0.0455445544554455,46.0,1010,0,1010,19,0,19,3,0,3,548
2022-07-21,18,0,18,1,0,1,0.0676470588235294,0.0,0.0676470588235294,23.0,340,0,340,4,0,4,0,0,0,152
2022-07-22,2,0,2,0,0,0,0.0139860139860139,0.0,0.0139860139860139,2.0,143,0,143,0,0,0,0,0,0,86
2022-07-23,6,0,6,0,0,0,0.0594059405940594,0.0,0.0594059405940594,6.0,101,0,101,0,0,0,0,0,0,69
2022-07-24,11,0,11,0,0,0,0.0662650602409638,0.0,0.0662650602409638,11.0,166,0,166,0,0,0,0,0,0,83
2022-07-25,9,0,9,0,0,0,0.0826446280991735,0.0,0.0826446280991735,10.0,121,0,121,1,0,1,0,0,0,69
2022-07-26,7,0,7,0,0,0,0.059322033898305,0.0,0.059322033898305,7.0,118,0,118,0,0,0,0,0,0,34
2022-07-27,23,0,23,2,0,2,0.0548469387755102,0.0,0.0548469387755102,43.0,784,0,784,17,0,17,1,0,1,476
2022-07-28,26,0,26,0,0,0,0.0531468531468531,0.0,0.0531468531468531,38.0,715,0,715,10,0,10,2,0,2,461
2022-07-29,7,0,7,0,0,0,0.0316742081447963,0.0,0.0316742081447963,7.0,221,0,221,0,0,0,0,0,0,87
2022-07-30,5,0,5,0,0,0,0.0616438356164383,0.0,0.0616438356164383,9.0,146,0,146,4,0,4,0,0,0,77
2022-07-31,9,0,9,0,0,0,0.0469483568075117,0.0,0.0469483568075117,10.0,213,0,213,1,0,1,0,0,0,112
2022-08-01,7,0,7,0,0,0,0.0203488372093023,0.0,0.0203488372093023,7.0,344,0,344,0,0,0,0,0,0,94
2022-08-02,15,0,15,2,0,2,0.0484848484848484,0.0,0.0484848484848484,24.0,495,0,495,4,0,4,3,0,3,306
2022-08-03,48,0,48,2,0,2,0.0440528634361233,0.0,0.0440528634361233,80.0,1816,0,1816,29,0,29,1,0,1,1000
2022-08-04,31,0,31,1,0,1,0.0379644588045234,0.0,0.0379644588045234,47.0,1238,0,1238,15,0,15,0,0,0,630
2022-08-05,17,0,17,0,0,0,0.062111801242236,0.0,0.062111801242236,20.0,322,0,322,3,0,3,0,0,0,147
2022-08-06,5,0,5,0,0,0,0.0457516339869281,0.0,0.0457516339869281,7.0,153,0,153,2,0,2,0,0,0,101
2022-08-07,3,0,3,0,0,0,0.0188679245283018,0.0,0.0188679245283018,4.0,212,0,212,1,0,1,0,0,0,127
2022-08-08,8,0,8,0,0,0,0.0543478260869565,0.0,0.0543478260869565,10.0,184,0,184,2,0,2,0,0,0,95
2022-08-09,2,0,2,0,0,0,0.0181818181818181,0.0,0.0181818181818181,8.0,440,0,440,7,0,7,-1,0,-1,248
2022-08-10,8,11,19,0,0,0,0.030188679245283,0.0127814972611077,0.0140805406927626,50.0,265,3286,3551,0,2,2,0,0,0,50
2022-08-11,15,16,31,0,0,0,0.0807017543859649,0.0146980224478888,0.0193692575117953,78.0,285,3742,4027,8,4,12,0,0,0,111
2022-08-12,10,10,20,0,0,0,0.0536585365853658,0.0120567375886524,0.0148760330578512,45.0,205,2820,3025,0,4,4,1,0,1,48
2022-08-13,9,5,14,0,0,0,0.1774193548387097,0.0086916742909423,0.0133451957295373,30.0,62,2186,2248,2,0,2,0,0,0,30
2022-08-14,0,10,10,0,0,0,0.0,0.0121212121212121,0.0118694362017804,28.0,49,2310,2359,0,3,3,0,0,0,24
2022-08-15,23,13,36,0,0,0,0.0510948905109489,0.0050074183976261,0.0102024025012341,62.0,685,5392,6077,13,0,13,-1,1,0,428
2022-08-16,33,7,40,0,0,0,0.0515653775322283,0.0052074292657524,0.0125602453629326,86.0,1086,5761,6847,22,4,26,1,0,1,656
2022-08-17,12,14,26,0,0,0,0.0479166666666666,0.0090234609985963,0.0124382659593927,68.0,480,4987,5467,10,7,17,1,0,1,182
2022-08-18,16,17,33,0,0,0,0.0891089108910891,0.0089928057553956,0.0124731182795698,58.0,202,4448,4650,2,3,5,0,0,0,92
2022-08-19,5,14,19,1,0,1,0.0222222222222222,0.0086272519665059,0.009894155545329,43.0,405,3941,4346,3,4,7,0,0,0,206
2022-08-20,3,17,20,0,1,1,0.0410958904109589,0.01657824933687,0.0171576561994172,53.0,73,3016,3089,0,4,4,0,0,0,54
2022-08-21,2,5,7,0,0,0,0.0416666666666666,0.0076880834706205,0.0085607276618512,16.0,48,1821,1869,0,0,0,0,0,0,29
2022-08-22,35,8,43,0,0,0,0.0584056827150749,0.0176678445229682,0.0350758853288364,104.0,1267,1698,2965,35,2,37,4,0,4,698
2022-08-23,302,0,302,11,0,11,0.1052147943946703,0.0,0.1052147943946703,458.0,4353,0,4353,123,0,123,22,0,22,2293
2022-08-24,110,0,110,6,0,6,0.1141104294478527,0.0,0.1141104294478527,186.0,1630,0,1630,59,0,59,11,0,11,1089
2022-08-25,56,31,87,4,1,5,0.1178310740354535,0.016931401640775,0.0313995215311004,210.0,959,5729,6688,43,11,54,10,0,10,611
2022-08-26,21,32,53,0,1,1,0.0775193798449612,0.0135605006954102,0.0188257817485641,118.0,516,5752,6268,18,11,29,1,0,1,327
2022-08-27,20,15,35,0,0,0,0.0623608017817371,0.0109100585417775,0.0164012360351794,69.0,449,3758,4207,8,5,13,0,0,0,256
2022-08-28,20,15,35,0,0,0,0.0787401574803149,0.0071704357418643,0.0139755428000998,56.0,381,3626,4007,9,2,11,1,0,1,231
2022-08-29,16,27,43,0,0,0,0.0741839762611275,0.0098022054962366,0.0133884297520661,81.0,337,5713,6050,8,4,12,1,0,1,239
2022-08-30,55,31,86,2,0,2,0.0572687224669603,0.0119527864933512,0.0196151458721291,158.0,1362,6693,8055,15,12,27,6,0,6,744
2022-08-31,27,34,61,3,2,5,0.0475266731328807,0.0187939205752573,0.0229370629370629,164.0,1031,6119,7150,17,23,40,2,1,3,573
2022-09-01,64,44,108,2,1,3,0.0615079365079365,0.0175272382756987,0.0260038240917782,204.0,1512,6333,7845,24,10,34,3,3,6,658
2022-09-02,19,26,45,0,1,1,0.0460829493087557,0.012534059945504,0.0160818713450292,99.0,651,5505,6156,9,7,16,2,0,2,345
2022-09-03,12,9,21,0,0,0,0.0481927710843373,0.0086898395721925,0.0117247763036099,38.0,249,2992,3241,0,1,1,0,0,0,146
2022-09-04,13,12,25,0,0,0,0.0538720538720538,0.0103199174406604,0.0143570536828963,46.0,297,2907,3204,3,2,5,0,0,0,139
2022-09-05,33,21,54,0,0,0,0.0431266846361186,0.009342499559316,0.014883583849101,101.0,1113,5673,6786,15,2,17,0,0,0,587
2022-09-06,32,27,59,0,0,0,0.0344827586206896,0.014156786409485,0.019357387411114,147.0,1943,5651,7594,31,8,39,4,0,4,996
2022-09-07,44,43,87,0,0,0,0.0403551251008878,0.0169306389950846,0.0242127712959478,193.0,2478,5493,7971,54,7,61,2,1,3,1483
2022-09-08,41,20,61,0,0,0,0.067032967032967,0.0142801251956181,0.0222517436067751,134.0,910,5112,6022,16,9,25,4,0,4,405
2022-09-09,22,24,46,0,0,0,0.0567951318458417,0.0088360237892948,0.0125431169645656,80.0,493,5885,6378,6,4,10,0,0,0,220
2022-09-10,12,17,29,0,0,0,0.0376344086021505,0.0118974984746796,0.0145205479452054,53.0,372,3278,3650,2,5,7,0,0,0,228
2022-09-11,57,20,77,0,0,0,0.0914051841746248,0.0145205479452054,0.027378507871321,120.0,733,3650,4383,10,7,17,0,0,0,436
2022-09-12,107,28,135,4,0,4,0.0583867701653729,0.0136530136530136,0.028431263240049,255.0,2963,6006,8969,57,11,68,5,2,7,1531
2022-09-13,74,52,126,0,1,1,0.0561194029850746,0.0116700201207243,0.0180800688764528,210.0,1675,9940,11615,19,12,31,1,0,1,874
2022-09-14,77,11,88,0,1,1,0.0791311093871218,0.0091942898620856,0.0258207303578015,140.0,1289,4133,5422,22,2,24,3,0,3,603
2022-09-15,59,14,73,2,0,2,0.0550742574257425,0.0106251544353842,0.0233092000706339,132.0,1616,4047,5663,25,4,29,3,0,3,777
2022-09-16,1456,9,1465,3,0,3,0.3618910487161027,0.009827278141751,0.2047840531561461,1541.0,4167,3358,7525,47,0,47,2,0,2,2013
2022-09-17,391,8,399,0,0,0,0.2915430267062314,0.0089485458612975,0.1506136110078096,405.0,1348,1341,2689,2,0,2,0,0,0,625
2022-09-18,150,4,154,0,0,0,0.2088520055325034,0.0080822924320352,0.0777351247600767,162.0,723,1361,2084,0,1,1,1,0,1,452
2022-09-19,108,8,116,0,0,0,0.1707317073170731,0.0078549848942598,0.0347957639939485,138.0,656,3310,3966,4,2,6,0,0,0,377
2022-09-20,584,5,589,4,0,4,0.1447023586671658,0.0060780550223928,0.093528578176665,792.0,5342,3126,8468,164,1,165,21,0,21,2793
2022-09-21,284,12,296,4,0,4,0.0783754116355653,0.0055187637969094,0.0420473307649972,382.0,4555,4530,9085,68,0,68,1,0,1,2137
2022-09-22,130,11,141,0,0,0,0.059,0.0060073937153419,0.0277019650655021,203.0,3000,4328,7328,46,2,48,1,0,1,1656
2022-09-23,115,47,162,3,0,3,0.0622977346278317,0.0099510878731657,0.025354124508987,213.0,2472,5929,8401,36,0,36,0,0,0,1197
2022-09-24,54,23,77,1,0,1,0.060414788097385,0.0116744496330887,0.024835646457268,102.0,1109,2998,4107,12,1,13,0,1,1,515
2022-09-25,73,15,88,0,0,0,0.085812356979405,0.0092592592592592,0.0285631852279284,99.0,874,2592,3466,2,0,2,0,0,0,421
2022-09-26,120,11,131,2,0,2,0.0615858352578906,0.0058260507698709,0.0347930413917216,174.0,2598,2403,5001,38,0,38,0,0,0,1267
2022-09-27,208,10,218,2,0,2,0.0847686592367443,0.0059931506849315,0.0500283179158013,265.0,2961,2336,5297,39,0,39,2,0,2,1725
2022-09-28,162,9,171,0,0,0,0.0669026548672566,0.0065882352941176,0.041010101010101,203.0,2825,2125,4950,27,0,27,0,0,0,1445
2022-09-29,312,11,323,2,0,2,0.0677477477477477,0.0052333187963366,0.0494708657401504,388.0,5550,2293,7843,61,0,61,1,0,1,2413
2022-09-30,322,14,336,2,0,2,0.0635413263639333,0.0079217148182665,0.0491049830672472,406.0,6122,2146,8268,65,1,66,0,0,0,1577
2022-10-01,132,0,132,1,0,1,0.09324324324324325,0.0,0.0931174089068826,138.0,1480,2,1482,5,0,5,0,0,0,524
2022-10-02,42,0,42,0,0,0,0.05131128848346636,0.0,0.05125284738041002,45.0,877,1,878,3,0,3,0,0,0,415
2022-10-03,79,0,79,2,0,2,0.05166340508806262,0.0,0.05166340508806262,132.0,2555,0,2555,50,0,50,1,0,1,1277
2022-10-04,42,0,42,3,0,3,0.061823802163833076,0.0,0.061823802163833076,80.0,1294,0,1294,35,0,35,0,0,0,635
2022-10-05,18,0,18,2,0,2,0.04519774011299435,0.0,0.04519774011299435,32.0,708,0,708,12,0,12,0,0,0,462
2022-10-06,90,0,90,0,0,0,0.0655367231638418,0.0,0.0655367231638418,116.0,1770,0,1770,26,0,26,0,0,0,817
2022-10-07,17,0,17,0,0,0,0.055288461538461536,0.0,0.055288461538461536,23.0,416,0,416,6,0,6,0,0,0,270
2022-10-08,4,0,4,0,0,0,0.01948051948051948,0.0,0.01948051948051948,6.0,308,0,308,2,0,2,0,0,0,192
2022-10-09,24,0,24,0,0,0,0.04826254826254826,0.0,0.04826254826254826,25.0,518,0,518,1,0,1,0,0,0,181
2022-10-10,66,0,66,1,0,1,0.04925847457627119,0.0,0.04925847457627119,93.0,1888,0,1888,22,0,22,4,0,4,882
2022-10-11,6,0,6,0,0,0,0.0169971671388102,0.0,0.0169971671388102,12.0,706,0,706,6,0,6,0,0,0,360
2022-10-12,31,0,31,0,0,0,0.0317092034029389,0.0,0.0317092034029389,41.0,1293,0,1293,10,0,10,0,0,0,489
2022-10-13,95,0,95,0,0,0,0.08550185873605948,0.0,0.08550185873605948,115.0,1345,0,1345,18,0,18,2,0,2,728
2022-10-14,64,0,64,0,0,0,0.07946336429308566,0.0,0.07946336429308566,77.0,969,0,969,13,0,13,0,0,0,457
2022-10-15,13,0,13,0,0,0,0.05263157894736842,0.0,0.05263157894736842,16.0,304,0,304,3,0,3,0,0,0,153
2022-10-16,11,0,11,0,0,0,0.042105263157894736,0.0,0.042105263157894736,12.0,285,0,285,1,0,1,0,0,0,153
2022-10-17,18,0,18,0,0,0,0.030864197530864196,0.0,0.030864197530864196,30.0,972,0,972,12,0,12,0,0,0,536
2022-10-18,283,0,283,1,0,1,0.14660421545667449,0.0,0.14660421545667449,313.0,2135,0,2135,29,0,29,0,0,0,1031
2022-10-19,55,0,55,1,0,1,0.09480122324159021,0.0,0.09480122324159021,62.0,654,0,654,6,0,6,0,0,0,355
2022-10-20,109,0,109,0,0,0,0.10498687664041995,0.0,0.10498687664041995,120.0,1143,0,1143,11,0,11,0,0,0,507
2022-10-21,35,0,35,0,0,0,0.07265774378585087,0.0,0.07265774378585087,38.0,523,0,523,3,0,3,0,0,0,236
2022-10-22,6,0,6,0,0,0,0.022727272727272728,0.0,0.022727272727272728,6.0,264,0,264,0,0,0,0,0,0,152
2022-10-23,24,0,24,0,0,0,0.09328358208955224,0.0,0.09328358208955224,25.0,268,0,268,1,0,1,0,0,0,138
2022-10-24,1,0,1,0,0,0,0.01060070671378092,0.0,0.01060070671378092,3.0,283,0,283,2,0,2,0,0,0,133
2022-10-25,23,0,23,0,0,0,0.13227513227513227,0.0,0.13157894736842105,25.0,189,1,190,2,0,2,0,0,0,111
2022-10-26,37,0,37,0,0,0,0.045836023240800515,0.0,0.045836023240800515,71.0,1549,0,1549,34,0,34,0,0,0,991
2022-10-27,11,0,11,0,0,0,0.03313253012048193,0.0,0.03313253012048193,22.0,664,0,664,11,0,11,0,0,0,419
2022-10-28,23,0,23,0,0,0,0.10424710424710425,0.0,0.10424710424710425,27.0,259,0,259,4,0,4,0,0,0,173
2022-10-29,8,0,8,0,0,0,0.03515625,0.0,0.03515625,9.0,256,0,256,1,0,1,0,0,0,155
2022-10-30,13,0,13,0,0,0,0.08588957055214724,0.0,0.08484848484848485,14.0,163,2,165,1,0,1,0,0,0,112
2022-10-31,14,0,14,1,0,1,0.05991735537190083,0.0,0.05979381443298969,29.0,484,1,485,11,0,11,3,0,3,349
2022-11-01,6,0,6,0,0,0,0.03409090909090909,0.0,0.03409090909090909,6.0,176,0,176,0,0,0,0,0,0,124
2022-11-02,3,0,3,0,0,0,0.022222222222222223,0.0,0.022222222222222223,3.0,135,0,135,0,0,0,0,0,0,86
2022-11-03,16,0,16,0,0,0,0.03566529492455418,0.0,0.03566529492455418,26.0,729,0,729,10,0,10,0,0,0,383
2022-11-04,13,0,13,0,0,0,0.045454545454545456,0.0,0.045454545454545456,11.0,242,0,242,-2,0,-2,0,0,0,106
2022-11-05,1,0,1,0,0,0,0.02127659574468085,0.0,0.02127659574468085,2.0,94,0,94,1,0,1,0,0,0,66
2022-11-06,2,0,2,0,0,0,0.019417475728155338,0.0,0.019417475728155338,2.0,103,0,103,0,0,0,0,0,0,60
2022-11-07,5,0,5,0,0,0,0.0390625,0.0,0.0390625,5.0,128,0,128,0,0,0,0,0,0,81
2022-11-08,2,0,2,0,0,0,0.006211180124223602,0.0,0.006211180124223602,1.0,161,0,161,-1,0,-1,0,0,0,72
2022-11-09,0,0,0,0,0,0,0.0,0.0,0.0,0.0,109,0,109,0,0,0,0,0,0,54
2022-11-10,13,0,13,0,0,0,0.027901785714285716,0.0,0.027901785714285716,25.0,896,0,896,12,0,12,0,0,0,435
2022-11-11,1,0,1,0,0,0,0.016042780748663103,0.0,0.016042780748663103,3.0,187,0,187,2,0,2,0,0,0,110
2022-11-12,1,0,1,0,0,0,0.004484304932735426,0.0,0.004484304932735426,1.0,223,0,223,0,0,0,0,0,0,78
2022-11-13,0,0,0,0,0,0,0.009259259259259259,0.0,0.009259259259259259,1.0,108,0,108,1,0,1,0,0,0,67
2022-11-14,2,0,2,0,0,0,0.024875621890547265,0.0,0.024875621890547265,5.0,201,0,201,3,0,3,0,0,0,88
2022-11-15,0,0,0,0,0,0,0.0,0.0,0.0,0.0,56,0,56,0,0,0,0,0,0,41
2022-11-16,9,0,9,0,0,0,0.09900990099009901,0.0,0.09900990099009901,10.0,101,0,101,1,0,1,0,0,0,38
2022-11-17,27,0,27,0,0,0,0.0670926517571885,0.0,0.0670926517571885,42.0,626,0,626,14,0,14,1,0,1,357
2022-11-18,6,0,6,0,0,0,0.029411764705882353,0.0,0.029411764705882353,6.0,204,0,204,0,0,0,0,0,0,111
2022-11-19,1,0,1,0,0,0,0.022727272727272728,0.0,0.022727272727272728,2.0,88,0,88,1,0,1,0,0,0,59
2022-11-20,0,0,0,0,0,0,0.0,0.0,0.0,0.0,74,0,74,1,0,1,-1,0,-1,57
2022-11-21,10,0,10,0,0,0,0.026565464895635674,0.0,0.026565464895635674,14.0,527,0,527,4,0,4,0,0,0,338
2022-11-22,39,0,39,0,0,0,0.05165114309906858,0.0,0.05165114309906858,61.0,1181,0,1181,20,0,20,2,0,2,753
2022-11-23,3,0,3,0,0,0,0.029166666666666667,0.0,0.029166666666666667,7.0,240,0,240,5,0,5,-1,0,-1,152
2022-11-24,14,0,14,0,0,0,0.03889789303079417,0.0,0.03889789303079417,24.0,617,0,617,6,0,6,4,0,4,353
2022-11-25,6,0,6,0,0,0,0.043209876543209874,0.0,0.043209876543209874,7.0,162,0,162,1,0,1,0,0,0,88
2022-11-26,1,0,1,0,0,0,0.014925373134328358,0.0,0.014925373134328358,2.0,134,0,134,1,0,1,0,0,0,73
2022-11-27,1,0,1,0,0,0,0.022222222222222223,0.0,0.022222222222222223,2.0,90,0,90,1,0,1,0,0,0,62
2022-11-28,3,0,3,0,0,0,0.042105263157894736,0.0,0.042105263157894736,4.0,95,0,95,1,0,1,0,0,0,52
2022-11-29,4,0,4,0,0,0,0.04,0.0,0.04,4.0,100,0,100,0,0,0,0,0,0,44
