date,jobs_page_views_desktop,jobs_page_views_mobile,jobs_page_views_total,jobs_unique_visitors_desktop,jobs_unique_visitors_mobile,jobs_unique_visitors_total,life_page_views_desktop,life_page_views_mobile,life_page_views_total,life_unique_visitors_desktop,life_unique_visitors_mobile,life_unique_visitors_total,overview_page_views_desktop,overview_page_views_mobile,overview_page_views_total,overview_unique_visitors_desktop,overview_unique_visitors_mobile,overview_unique_visitors_total,total_page_views_desktop,total_page_views_mobile,total_page_views_total,total_unique_visitors_desktop,total_unique_visitors_mobile,total_unique_visitors_total
2021-10-11,1,0,1,1,0,1,0,0,0,0,0,0,7,10,17,4,6,10,8,11,19,4,6,10
2021-10-12,0,0,0,0,0,0,0,0,0,0,0,0,5,27,32,4,13,17,5,36,41,4,13,17
2021-10-13,0,0,0,0,0,0,0,0,0,0,0,0,11,11,22,9,6,15,14,16,30,9,6,15
2021-10-14,0,0,0,0,0,0,0,0,0,0,0,0,1,3,4,1,2,3,2,5,7,1,2,3
2021-10-15,0,0,0,0,0,0,0,0,0,0,0,0,3,2,5,3,2,5,3,2,5,3,2,5
2021-10-16,0,0,0,0,0,0,0,0,0,0,0,0,0,2,2,0,1,1,0,3,3,0,1,1
2021-10-17,0,0,0,0,0,0,0,0,0,0,0,0,1,3,4,1,1,2,2,4,6,1,1,2
2021-10-18,0,0,0,0,0,0,0,0,0,0,0,0,2,2,4,2,1,3,4,2,6,2,1,3
2021-10-19,0,1,1,0,1,1,0,0,0,0,0,0,15,13,28,7,7,13,15,14,29,7,7,13
2021-10-20,0,0,0,0,0,0,0,0,0,0,0,0,6,5,11,2,3,5,6,5,11,2,3,5
2021-10-21,0,0,0,0,0,0,0,0,0,0,0,0,11,6,17,4,4,8,11,10,21,4,4,8
2021-10-22,0,4,4,0,1,1,0,0,0,0,0,0,7,14,21,5,9,14,7,22,29,5,9,14
2021-10-23,0,0,0,0,0,0,0,0,0,0,0,0,2,8,10,2,5,7,3,9,12,2,5,7
2021-10-24,0,0,0,0,0,0,0,0,0,0,0,0,0,2,2,0,2,2,1,2,3,1,2,3
2021-10-25,0,0,0,0,0,0,0,0,0,0,0,0,2,11,13,2,7,9,2,17,19,2,7,9
2021-10-26,0,0,0,0,0,0,0,0,0,0,0,0,10,4,14,4,2,6,11,5,16,4,2,6
2021-10-27,0,0,0,0,0,0,0,0,0,0,0,0,5,11,16,2,3,5,5,15,20,2,3,5
2021-10-28,0,0,0,0,0,0,0,0,0,0,0,0,1,4,5,1,2,3,1,5,6,1,2,3
2021-10-29,0,0,0,0,0,0,0,0,0,0,0,0,2,0,2,2,0,2,2,0,2,2,0,2
2021-10-30,0,0,0,0,0,0,0,0,0,0,0,0,0,0,0,0,0,0,0,0,0,0,0,0
2021-10-31,0,0,0,0,0,0,0,0,0,0,0,0,0,0,0,0,0,0,0,0,0,0,0,0
2021-11-01,0,2,2,0,1,1,0,0,0,0,0,0,1,1,2,1,1,2,2,5,7,1,1,2
2021-11-02,0,2,2,0,2,2,0,0,0,0,0,0,1,4,5,1,3,4,1,6,7,1,3,4
2021-11-03,0,0,0,0,0,0,0,0,0,0,0,0,1,5,6,1,3,4,1,6,7,1,3,4
2021-11-04,0,0,0,0,0,0,0,0,0,0,0,0,1,3,4,1,3,4,1,3,4,1,3,4
2021-11-05,0,0,0,0,0,0,0,0,0,0,0,0,2,3,5,2,3,5,2,3,5,2,3,5
2021-11-06,0,0,0,0,0,0,0,0,0,0,0,0,0,1,1,0,1,1,0,1,1,0,1,1
2021-11-07,0,0,0,0,0,0,0,0,0,0,0,0,3,0,3,1,0,1,3,0,3,1,0,1
2021-11-08,0,0,0,0,0,0,0,0,0,0,0,0,0,3,3,0,2,2,0,4,4,0,2,2
2021-11-09,0,0,0,0,0,0,0,0,0,0,0,0,0,11,11,0,4,4,0,20,20,0,4,4
2021-11-10,1,0,1,1,0,1,0,0,0,0,0,0,3,1,4,3,1,4,4,1,5,3,1,4
2021-11-11,0,0,0,0,0,0,0,0,0,0,0,0,5,1,6,5,1,6,5,1,6,5,1,6
2021-11-12,0,0,0,0,0,0,0,0,0,0,0,0,1,1,2,1,1,2,1,1,2,1,1,2
2021-11-13,0,0,0,0,0,0,0,0,0,0,0,0,0,2,2,0,1,1,0,3,3,0,1,1
2021-11-14,0,0,0,0,0,0,0,0,0,0,0,0,2,2,4,1,1,2,2,3,5,1,1,2
2021-11-15,0,0,0,0,0,0,0,0,0,0,0,0,4,0,4,3,0,3,6,0,6,3,0,3
2021-11-16,0,0,0,0,0,0,0,0,0,0,0,0,3,1,4,2,1,3,3,1,4,2,1,3
2021-11-17,0,0,0,0,0,0,0,0,0,0,0,0,3,2,5,3,1,4,3,4,7,3,1,4
2021-11-18,0,0,0,0,0,0,0,0,0,0,0,0,8,5,13,4,3,7,9,5,14,4,3,7
2021-11-19,0,0,0,0,0,0,0,0,0,0,0,0,3,5,8,3,1,4,3,7,10,3,1,4
2021-11-20,0,0,0,0,0,0,0,0,0,0,0,0,1,0,1,1,0,1,1,0,1,1,0,1
2021-11-21,0,0,0,0,0,0,0,0,0,0,0,0,0,0,0,0,0,0,2,0,2,1,0,1
2021-11-22,0,0,0,0,0,0,0,0,0,0,0,0,2,1,3,2,1,3,2,1,3,2,1,3
2021-11-23,0,0,0,0,0,0,0,0,0,0,0,0,7,5,12,2,2,4,8,7,15,2,2,4
2021-11-24,0,0,0,0,0,0,0,0,0,0,0,0,1,0,1,1,0,1,2,0,2,1,0,1
2021-11-25,0,0,0,0,0,0,0,0,0,0,0,0,3,0,3,1,0,1,3,0,3,1,0,1
2021-11-26,0,0,0,0,0,0,0,0,0,0,0,0,0,3,3,0,1,1,0,4,4,0,1,1
2021-11-27,0,0,0,0,0,0,0,0,0,0,0,0,0,2,2,0,2,2,0,5,5,0,2,2
2021-11-28,0,0,0,0,0,0,0,0,0,0,0,0,0,0,0,0,0,0,0,0,0,0,0,0
2021-11-29,0,0,0,0,0,0,0,0,0,0,0,0,6,3,9,1,2,3,6,3,9,1,2,3
2021-11-30,0,0,0,0,0,0,0,0,0,0,0,0,12,0,12,3,0,3,12,0,12,3,0,3
2021-12-01,0,0,0,0,0,0,0,0,0,0,0,0,6,0,6,4,0,4,7,0,7,4,0,4
2021-12-02,0,1,1,0,1,1,0,0,0,0,0,0,0,3,3,0,1,1,0,4,4,0,1,1
2021-12-03,0,0,0,0,0,0,0,0,0,0,0,0,1,1,2,1,1,2,1,1,2,1,1,2
2021-12-04,0,0,0,0,0,0,0,0,0,0,0,0,0,7,7,0,1,1,0,7,7,0,1,1
2021-12-05,0,0,0,0,0,0,0,0,0,0,0,0,0,0,0,0,0,0,0,0,0,0,0,0
2021-12-06,0,0,0,0,0,0,0,0,0,0,0,0,1,0,1,1,0,1,2,0,2,1,0,1
2021-12-07,0,0,0,0,0,0,0,0,0,0,0,0,0,2,2,0,2,2,0,2,2,0,2,2
2021-12-08,0,0,0,0,0,0,0,0,0,0,0,0,1,0,1,1,0,1,2,0,2,1,0,1
2021-12-09,0,0,0,0,0,0,0,0,0,0,0,0,1,1,2,1,1,2,3,1,4,1,1,2
2021-12-10,0,0,0,0,0,0,0,0,0,0,0,0,0,0,0,0,0,0,0,0,0,0,0,0
2021-12-11,0,0,0,0,0,0,0,0,0,0,0,0,0,0,0,0,0,0,0,0,0,0,0,0
2021-12-12,0,0,0,0,0,0,0,0,0,0,0,0,0,0,0,0,0,0,0,0,0,0,0,0
2021-12-13,0,0,0,0,0,0,0,0,0,0,0,0,1,1,2,1,1,2,1,1,2,1,1,2
2021-12-14,0,0,0,0,0,0,0,0,0,0,0,0,2,0,2,2,0,2,4,0,4,2,0,2
2021-12-15,0,0,0,0,0,0,0,0,0,0,0,0,1,1,2,1,1,2,1,1,2,1,1,2
2021-12-16,0,0,0,0,0,0,0,0,0,0,0,0,0,0,0,0,0,0,0,0,0,0,0,0
2021-12-17,0,0,0,0,0,0,0,0,0,0,0,0,0,1,1,0,1,1,0,1,1,0,1,1
2021-12-18,0,0,0,0,0,0,0,0,0,0,0,0,0,0,0,0,0,0,0,0,0,0,0,0
2021-12-19,0,0,0,0,0,0,0,0,0,0,0,0,0,2,2,0,1,1,0,3,3,0,1,1
2021-12-20,0,0,0,0,0,0,0,0,0,0,0,0,3,12,15,3,6,9,3,20,23,3,6,9
2021-12-21,0,0,0,0,0,0,0,0,0,0,0,0,5,1,6,4,1,5,5,1,6,4,1,5
2021-12-22,0,0,0,0,0,0,0,0,0,0,0,0,1,3,4,1,2,3,2,3,5,1,2,3
2021-12-23,0,0,0,0,0,0,0,0,0,0,0,0,1,3,4,1,2,3,1,3,4,1,2,3
2021-12-24,0,0,0,0,0,0,0,0,0,0,0,0,0,4,4,0,2,2,0,5,5,0,2,2
2021-12-25,0,0,0,0,0,0,0,0,0,0,0,0,0,2,2,0,1,1,0,2,2,0,1,1
2021-12-26,0,0,0,0,0,0,0,0,0,0,0,0,0,2,2,0,1,1,0,2,2,0,1,1
2021-12-27,0,0,0,0,0,0,0,0,0,0,0,0,0,3,3,0,1,1,0,4,4,0,1,1
2021-12-28,0,0,0,0,0,0,0,0,0,0,0,0,0,2,2,0,1,1,0,4,4,0,1,1
2021-12-29,0,0,0,0,0,0,0,0,0,0,0,0,0,2,2,0,1,1,0,2,2,0,1,1
2021-12-30,0,4,4,0,1,1,0,0,0,0,0,0,2,3,5,2,3,5,2,9,11,2,3,5
2021-12-31,0,0,0,0,0,0,0,0,0,0,0,0,4,0,4,1,0,1,6,0,6,1,0,1
2022-01-01,0,0,0,0,0,0,0,0,0,0,0,0,0,0,0,0,0,0,0,0,0,0,0,0
2022-01-02,0,0,0,0,0,0,0,0,0,0,0,0,0,0,0,0,0,0,0,0,0,0,0,0
2022-01-03,0,0,0,0,0,0,0,0,0,0,0,0,4,0,4,1,0,1,4,0,4,1,0,1
2022-01-04,0,0,0,0,0,0,0,0,0,0,0,0,6,1,7,2,1,3,6,1,7,2,1,3
2022-01-05,0,0,0,0,0,0,0,0,0,0,0,0,5,2,7,2,2,4,5,2,7,2,2,4
2022-01-06,0,0,0,0,0,0,0,0,0,0,0,0,1,2,3,1,1,2,1,3,4,1,1,2
2022-01-07,0,0,0,0,0,0,0,0,0,0,0,0,0,1,1,0,1,1,0,1,1,0,1,1
2022-01-08,0,0,0,0,0,0,0,0,0,0,0,0,1,7,8,1,2,3,1,8,9,1,2,3
2022-01-09,0,0,0,0,0,0,0,0,0,0,0,0,0,0,0,0,0,0,0,0,0,0,0,0
2022-01-10,0,0,0,0,0,0,0,0,0,0,0,0,5,2,7,4,1,5,7,3,10,4,1,5
2022-01-11,0,0,0,0,0,0,0,0,0,0,0,0,0,1,1,0,1,1,1,2,3,1,1,2
2022-01-12,0,0,0,0,0,0,0,0,0,0,0,0,0,0,0,0,0,0,0,0,0,0,0,0
2022-01-13,0,0,0,0,0,0,0,0,0,0,0,0,3,2,5,3,1,4,3,3,6,3,1,4
2022-01-14,0,0,0,0,0,0,0,0,0,0,0,0,1,7,8,1,2,3,1,8,9,1,2,3
2022-01-15,0,0,0,0,0,0,0,0,0,0,0,0,0,1,1,0,1,1,0,1,1,0,1,1
2022-01-16,0,0,0,0,0,0,0,0,0,0,0,0,0,2,2,0,1,1,0,3,3,0,1,1
2022-01-17,0,0,0,0,0,0,0,0,0,0,0,0,19,3,22,2,2,2,19,3,22,2,2,2
2022-01-18,0,0,0,0,0,0,0,0,0,0,0,0,2,4,6,1,2,3,4,7,11,1,2,3
2022-01-19,1,0,1,1,0,1,0,0,0,0,0,0,26,25,51,19,10,29,31,34,65,19,10,29
2022-01-20,0,0,0,0,0,0,0,0,0,0,0,0,20,17,37,15,6,21,23,21,44,16,6,22
2022-01-21,0,0,0,0,0,0,0,0,0,0,0,0,0,6,6,0,3,3,0,7,7,0,3,3
2022-01-22,0,0,0,0,0,0,0,0,0,0,0,0,0,5,5,0,4,4,0,8,8,0,4,4
2022-01-23,0,0,0,0,0,0,0,0,0,0,0,0,0,7,7,0,4,4,0,9,9,0,4,4
2022-01-24,0,0,0,0,0,0,0,0,0,0,0,0,11,14,25,8,5,13,12,17,29,8,5,13
2022-01-25,0,0,0,0,0,0,0,0,0,0,0,0,2,6,8,1,4,5,2,6,8,1,4,5
2022-01-26,0,0,0,0,0,0,0,0,0,0,0,0,3,7,10,3,4,7,4,9,13,3,4,7
2022-01-27,0,1,1,0,1,1,0,0,0,0,0,0,4,7,11,4,4,8,4,12,16,4,4,8
2022-01-28,0,0,0,0,0,0,0,0,0,0,0,0,3,1,4,3,1,4,5,1,6,3,1,4
2022-01-29,0,0,0,0,0,0,0,0,0,0,0,0,0,0,0,0,0,0,0,0,0,0,0,0
2022-01-30,0,0,0,0,0,0,0,0,0,0,0,0,0,3,3,0,2,2,0,4,4,0,2,2
2022-01-31,0,0,0,0,0,0,0,0,0,0,0,0,5,7,12,3,2,5,5,9,14,3,2,5
2022-02-01,0,0,0,0,0,0,0,0,0,0,0,0,12,12,24,5,5,10,13,12,25,5,5,10
2022-02-02,0,3,3,0,1,1,0,0,0,0,0,0,10,7,17,6,4,10,14,21,35,6,4,10
2022-02-03,0,0,0,0,0,0,0,0,0,0,0,0,4,1,5,2,1,3,4,1,5,2,1,3
2022-02-04,0,0,0,0,0,0,0,0,0,0,0,0,2,0,2,2,0,2,2,0,2,2,0,2
2022-02-05,0,0,0,0,0,0,0,0,0,0,0,0,0,0,0,0,0,0,0,0,0,0,0,0
2022-02-06,0,0,0,0,0,0,0,0,0,0,0,0,2,4,6,1,2,3,2,6,8,1,2,3
2022-02-07,0,0,0,0,0,0,0,0,0,0,0,0,8,3,11,4,2,6,9,6,15,4,2,6
2022-02-08,2,0,2,1,0,1,0,0,0,0,0,0,21,0,21,9,0,9,28,0,28,9,0,9
2022-02-09,0,0,0,0,0,0,0,0,0,0,0,0,4,4,8,3,1,4,4,4,8,3,1,4
2022-02-10,0,0,0,0,0,0,0,0,0,0,0,0,3,7,10,2,2,4,3,9,12,2,2,4
2022-02-11,0,0,0,0,0,0,0,0,0,0,0,0,0,7,7,0,2,2,0,7,7,0,2,2
2022-02-12,0,0,0,0,0,0,0,0,0,0,0,0,0,0,0,0,0,0,0,0,0,0,0,0
2022-02-13,0,0,0,0,0,0,0,0,0,0,0,0,0,1,1,0,1,1,0,1,1,0,1,1
2022-02-14,0,0,0,0,0,0,0,0,0,0,0,0,2,2,4,2,1,3,2,2,4,2,1,3
2022-02-15,0,0,0,0,0,0,0,0,0,0,0,0,3,2,5,3,1,4,3,2,5,3,1,4
2022-02-16,0,0,0,0,0,0,0,0,0,0,0,0,3,1,4,2,1,3,4,4,8,2,1,3
2022-02-17,0,0,0,0,0,0,0,0,0,0,0,0,8,3,11,5,1,6,9,4,13,5,1,6
2022-02-18,0,0,0,0,0,0,0,0,0,0,0,0,2,2,4,2,1,3,2,3,5,2,1,3
2022-02-19,0,0,0,0,0,0,0,0,0,0,0,0,2,1,3,2,1,3,2,1,3,2,1,3
2022-02-20,0,0,0,0,0,0,0,0,0,0,0,0,0,7,7,0,2,2,0,8,8,0,2,2
2022-02-21,1,0,1,1,0,1,0,0,0,0,0,0,5,10,15,3,4,7,6,16,22,3,4,7
2022-02-22,0,0,0,0,0,0,0,0,0,0,0,0,4,5,9,3,1,4,6,5,11,4,1,5
2022-02-23,0,0,0,0,0,0,0,0,0,0,0,0,3,6,9,2,4,6,4,6,10,2,4,6
2022-02-24,0,0,0,0,0,0,0,0,0,0,0,0,3,24,27,2,6,8,3,34,37,2,6,8
2022-02-25,0,0,0,0,0,0,0,0,0,0,0,0,9,5,14,6,3,9,11,7,18,6,3,9
2022-02-26,0,0,0,0,0,0,0,0,0,0,0,0,0,2,2,0,2,2,0,2,2,0,2,2
2022-02-27,0,0,0,0,0,0,0,0,0,0,0,0,0,0,0,0,0,0,0,0,0,0,0,0
2022-02-28,0,0,0,0,0,0,0,0,0,0,0,0,7,3,10,6,2,8,7,3,10,6,2,8
2022-03-01,0,0,0,0,0,0,0,0,0,0,0,0,5,3,8,2,1,3,7,3,10,2,1,3
2022-03-02,0,0,0,0,0,0,0,0,0,0,0,0,10,8,18,6,5,10,11,11,22,6,5,10
2022-03-03,0,0,0,0,0,0,0,0,0,0,0,0,0,14,14,0,3,3,0,19,19,0,3,3
2022-03-04,0,0,0,0,0,0,0,0,0,0,0,0,4,1,5,4,1,5,4,1,5,4,1,5
2022-03-05,0,0,0,0,0,0,0,0,0,0,0,0,0,0,0,0,0,0,0,0,0,0,0,0
2022-03-06,0,0,0,0,0,0,0,0,0,0,0,0,0,1,1,0,1,1,0,1,1,0,1,1
2022-03-07,0,0,0,0,0,0,0,0,0,0,0,0,4,3,7,3,2,5,4,4,8,3,2,5
2022-03-08,0,0,0,0,0,0,0,0,0,0,0,0,4,3,7,4,3,7,4,4,8,4,3,7
2022-03-09,0,0,0,0,0,0,0,0,0,0,0,0,9,11,20,6,7,12,10,12,22,6,7,12
2022-03-10,0,0,0,0,0,0,0,0,0,0,0,0,8,15,23,5,6,11,8,22,30,5,6,11
2022-03-11,0,0,0,0,0,0,0,0,0,0,0,0,5,1,6,4,1,5,6,1,7,4,1,5
2022-03-12,0,0,0,0,0,0,0,0,0,0,0,0,0,3,3,0,1,1,0,5,5,0,1,1
2022-03-13,0,0,0,0,0,0,0,0,0,0,0,0,0,0,0,0,0,0,0,0,0,0,0,0
2022-03-14,0,2,2,0,1,1,0,0,0,0,0,0,7,3,10,6,2,8,8,6,14,6,2,8
2022-03-15,0,1,1,0,1,1,0,0,0,0,0,0,2,2,4,2,1,3,3,4,7,2,1,3
2022-03-16,0,4,4,0,1,1,0,0,0,0,0,0,18,7,25,8,5,13,20,13,33,8,5,13
2022-03-17,0,0,0,0,0,0,0,0,0,0,0,0,7,0,7,3,0,3,11,0,11,3,0,3
2022-03-18,0,0,0,0,0,0,0,0,0,0,0,0,0,3,3,0,3,3,0,3,3,0,3,3
2022-03-19,0,0,0,0,0,0,0,0,0,0,0,0,1,0,1,1,0,1,1,0,1,1,0,1
2022-03-20,0,0,0,0,0,0,0,0,0,0,0,0,0,1,1,0,1,1,0,1,1,0,1,1
2022-03-21,0,0,0,0,0,0,0,0,0,0,0,0,6,2,8,3,1,4,7,3,10,3,1,4
2022-03-22,2,1,3,1,1,2,0,0,0,0,0,0,15,23,38,9,9,18,19,27,46,9,9,18
2022-03-23,0,0,0,0,0,0,0,0,0,0,0,0,6,12,18,6,5,11,9,15,24,6,5,11
2022-03-24,0,1,1,0,1,1,0,0,0,0,0,0,17,11,28,6,5,11,19,14,33,6,5,11
2022-03-25,0,0,0,0,0,0,0,0,0,0,0,0,3,0,3,2,0,2,4,0,4,2,0,2
2022-03-26,0,0,0,0,0,0,0,0,0,0,0,0,0,2,2,0,2,2,0,2,2,0,2,2
2022-03-27,0,0,0,0,0,0,0,0,0,0,0,0,1,0,1,1,0,1,1,0,1,1,0,1
2022-03-28,0,0,0,0,0,0,0,0,0,0,0,0,15,22,37,8,14,22,15,27,42,8,14,22
2022-03-29,0,0,0,0,0,0,0,0,0,0,0,0,20,22,42,12,11,23,21,27,48,12,11,23
2022-03-30,0,3,3,0,3,3,0,0,0,0,0,0,15,39,54,11,22,32,18,53,71,11,22,32
2022-03-31,1,0,1,1,0,1,0,0,0,0,0,0,7,27,34,5,10,15,8,37,45,5,10,15
2022-04-01,0,0,0,0,0,0,0,0,0,0,0,0,4,17,21,3,9,12,4,22,26,3,9,12
2022-04-02,0,0,0,0,0,0,0,0,0,0,0,0,0,5,5,0,3,3,0,9,9,0,3,3
2022-04-03,0,0,0,0,0,0,0,0,0,0,0,0,0,4,4,0,2,2,0,4,4,0,2,2
2022-04-04,0,0,0,0,0,0,0,0,0,0,0,0,14,32,46,7,12,19,15,39,54,7,12,19
2022-04-05,0,0,0,0,0,0,0,0,0,0,0,0,13,24,37,10,12,22,14,37,51,10,12,22
2022-04-06,0,0,0,0,0,0,0,0,0,0,0,0,7,17,24,5,10,15,9,19,28,5,10,15
2022-04-07,0,0,0,0,0,0,0,0,0,0,0,0,9,13,22,6,8,14,9,19,28,6,8,14
2022-04-08,0,2,2,0,1,1,0,0,0,0,0,0,6,15,21,4,8,12,6,22,28,4,8,12
2022-04-09,0,0,0,0,0,0,0,0,0,0,0,0,0,13,13,0,7,7,0,15,15,0,7,7
2022-04-10,0,0,0,0,0,0,0,0,0,0,0,0,1,9,10,1,4,5,1,13,14,1,4,5
2022-04-11,1,0,1,1,0,1,0,0,0,0,0,0,17,23,40,13,13,26,19,27,46,13,13,26
2022-04-12,0,2,2,0,2,2,0,0,0,0,0,0,14,45,59,13,23,36,16,54,70,13,23,36
2022-04-13,0,0,0,0,0,0,0,0,0,0,0,0,20,42,62,11,17,28,22,55,77,11,17,28
2022-04-14,0,0,0,0,0,0,0,0,0,0,0,0,20,9,29,13,3,16,21,10,31,13,3,16
2022-04-15,0,0,0,0,0,0,0,0,0,0,0,0,1,4,5,1,3,4,1,4,5,1,3,4
2022-04-16,0,0,0,0,0,0,0,0,0,0,0,0,1,5,6,1,3,4,2,5,7,1,3,4
2022-04-17,0,0,0,0,0,0,0,0,0,0,0,0,1,3,4,1,1,2,1,4,5,1,1,2
2022-04-18,1,0,1,1,0,1,0,0,0,0,0,0,3,10,13,3,4,7,5,14,19,3,4,7
2022-04-19,2,0,2,1,0,1,0,0,0,0,0,0,17,20,37,15,8,23,19,23,42,15,8,23
2022-04-20,0,0,0,0,0,0,0,0,0,0,0,0,22,18,40,15,7,22,22,21,43,15,7,22
2022-04-21,0,1,1,0,1,1,0,0,0,0,0,0,25,35,60,16,16,32,32,50,82,16,16,32
2022-04-22,0,1,1,0,1,1,0,0,0,0,0,0,30,9,39,15,6,21,31,12,43,15,6,21
2022-04-23,0,0,0,0,0,0,0,0,0,0,0,0,0,7,7,0,3,3,0,7,7,0,3,3
2022-04-24,0,0,0,0,0,0,0,0,0,0,0,0,6,5,11,4,3,7,6,7,13,4,3,7
2022-04-25,1,1,2,1,1,2,0,0,0,0,0,0,52,62,114,33,22,54,65,79,144,34,22,55
2022-04-26,0,0,0,0,0,0,0,0,0,0,0,0,28,43,71,19,20,39,29,64,93,19,20,39
2022-04-27,0,1,1,0,1,1,0,0,0,0,0,0,28,65,93,18,31,48,29,76,105,18,31,48
2022-04-28,0,0,0,0,0,0,0,0,0,0,0,0,27,73,100,23,39,62,31,91,122,23,39,62
2022-04-29,0,0,0,0,0,0,0,0,0,0,0,0,7,32,39,4,16,20,8,37,45,4,16,20
2022-04-30,0,0,0,0,0,0,0,0,0,0,0,0,0,8,8,0,6,6,0,10,10,0,6,6
2022-05-01,0,0,0,0,0,0,0,0,0,0,0,0,1,10,11,1,4,5,1,10,11,1,4,5
2022-05-02,0,0,0,0,0,0,0,0,0,0,0,0,0,10,10,0,5,5,0,11,11,0,5,5
2022-05-03,0,0,0,0,0,0,0,0,0,0,0,0,4,1,5,3,1,4,5,1,6,3,1,4
2022-05-04,0,0,0,0,0,0,0,0,0,0,0,0,0,2,2,0,1,1,0,4,4,0,1,1
2022-05-05,0,0,0,0,0,0,0,0,0,0,0,0,5,15,20,5,10,15,6,20,26,5,10,15
2022-05-06,0,0,0,0,0,0,0,0,0,0,0,0,18,4,22,7,3,10,23,6,29,7,3,10
2022-05-07,0,0,0,0,0,0,0,0,0,0,0,0,0,5,5,0,2,2,0,5,5,0,2,2
2022-05-08,0,0,0,0,0,0,0,0,0,0,0,0,0,10,10,0,5,5,0,17,17,0,5,5
2022-05-09,0,1,1,0,1,1,0,0,0,0,0,0,5,10,15,3,4,7,5,14,19,3,4,7
2022-05-10,1,0,1,1,0,1,0,0,0,0,0,0,6,2,8,5,1,6,8,7,15,5,1,6
2022-05-11,0,0,0,0,0,0,0,0,0,0,0,0,7,4,11,4,2,6,8,5,13,4,2,6
2022-05-12,0,0,0,0,0,0,0,0,0,0,0,0,6,6,12,5,2,7,6,6,12,5,2,7
2022-05-13,0,1,1,0,1,1,0,0,0,0,0,0,3,4,7,2,3,5,4,6,10,2,3,5
2022-05-14,0,0,0,0,0,0,0,0,0,0,0,0,0,4,4,0,2,2,0,5,5,0,2,2
2022-05-15,0,0,0,0,0,0,0,0,0,0,0,0,10,1,11,1,1,2,10,1,11,1,1,2
2022-05-16,1,0,1,1,0,1,0,0,0,0,0,0,1,2,3,1,1,2,2,2,4,1,1,2
2022-05-17,0,0,0,0,0,0,0,0,0,0,0,0,8,6,14,6,4,10,8,6,14,6,4,10
2022-05-18,0,0,0,0,0,0,0,0,0,0,0,0,1,0,1,1,0,1,1,0,1,1,0,1
2022-05-19,0,0,0,0,0,0,0,0,0,0,0,0,14,14,28,7,5,12,14,20,34,7,5,12
2022-05-20,0,0,0,0,0,0,0,0,0,0,0,0,7,10,17,4,4,8,8,20,28,4,4,8
2022-05-21,0,0,0,0,0,0,0,0,0,0,0,0,0,5,5,0,3,3,0,8,8,0,3,3
2022-05-22,0,0,0,0,0,0,0,0,0,0,0,0,0,10,10,0,6,6,0,12,12,0,6,6
2022-05-23,0,0,0,0,0,0,0,0,0,0,0,0,0,4,4,0,2,2,0,6,6,0,2,2
2022-05-24,0,0,0,0,0,0,0,0,0,0,0,0,0,7,7,0,3,3,0,8,8,0,3,3
2022-05-25,0,0,0,0,0,0,0,0,0,0,0,0,6,3,9,5,1,6,6,4,10,5,1,6
2022-05-26,0,0,0,0,0,0,0,0,0,0,0,0,11,11,22,9,3,12,13,12,25,9,3,12
2022-05-27,0,0,0,0,0,0,0,0,0,0,0,0,22,11,33,9,6,15,22,15,37,9,6,15
2022-05-28,0,0,0,0,0,0,0,0,0,0,0,0,0,8,8,0,4,4,0,8,8,0,4,4
2022-05-29,0,0,0,0,0,0,0,0,0,0,0,0,0,4,4,0,1,1,0,6,6,0,1,1
2022-05-30,0,0,0,0,0,0,0,0,0,0,0,0,6,4,10,6,3,9,6,5,11,6,3,9
2022-05-31,0,0,0,0,0,0,0,0,0,0,0,0,3,4,7,3,2,5,5,4,9,4,2,6
2022-06-01,0,0,0,0,0,0,0,0,0,0,0,0,1,2,3,1,1,2,1,4,5,1,1,2
2022-06-02,0,0,0,0,0,0,0,0,0,0,0,0,10,5,15,2,2,4,10,6,16,2,2,4
2022-06-03,0,0,0,0,0,0,0,0,0,0,0,0,5,0,5,1,0,1,6,0,6,1,0,1
2022-06-04,0,0,0,0,0,0,0,0,0,0,0,0,0,6,6,0,3,3,0,8,8,0,3,3
2022-06-05,0,0,0,0,0,0,0,0,0,0,0,0,0,0,0,0,0,0,1,0,1,1,0,1
2022-06-06,0,0,0,0,0,0,0,0,0,0,0,0,8,4,12,5,2,7,10,5,15,5,2,7
2022-06-07,0,0,0,0,0,0,0,0,0,0,0,0,6,10,16,5,5,10,7,12,19,6,5,11
2022-06-08,0,0,0,0,0,0,0,0,0,0,0,0,7,2,9,5,1,6,10,3,13,5,1,6
2022-06-09,0,0,0,0,0,0,0,0,0,0,0,0,2,1,3,2,1,3,2,1,3,2,1,3
2022-06-10,0,0,0,0,0,0,0,0,0,0,0,0,12,11,23,7,6,13,13,14,27,7,6,13
2022-06-11,0,0,0,0,0,0,0,0,0,0,0,0,2,2,4,1,2,3,2,3,5,1,2,3
2022-06-12,0,0,0,0,0,0,0,0,0,0,0,0,0,12,12,0,5,5,0,16,16,0,5,5
2022-06-13,0,0,0,0,0,0,0,0,0,0,0,0,5,13,18,5,5,10,6,16,22,5,5,10
2022-06-14,0,0,0,0,0,0,0,0,0,0,0,0,14,13,27,9,7,16,17,20,37,9,7,16
2022-06-15,0,0,0,0,0,0,0,0,0,0,0,0,3,0,3,3,0,3,3,0,3,3,0,3
2022-06-16,1,0,1,1,0,1,0,0,0,0,0,0,4,9,13,4,5,9,7,11,18,4,5,9
2022-06-17,0,0,0,0,0,0,0,0,0,0,0,0,4,6,10,2,4,6,4,7,11,2,4,6
2022-06-18,0,0,0,0,0,0,0,0,0,0,0,0,1,0,1,1,0,1,1,0,1,1,0,1
2022-06-19,0,0,0,0,0,0,0,0,0,0,0,0,0,0,0,0,0,0,0,0,0,0,0,0
2022-06-20,0,0,0,0,0,0,0,0,0,0,0,0,8,0,8,5,0,5,8,0,8,5,0,5
2022-06-21,0,0,0,0,0,0,0,0,0,0,0,0,11,11,22,5,4,9,13,14,27,6,4,10
2022-06-22,0,0,0,0,0,0,0,0,0,0,0,0,8,1,9,4,1,5,9,1,10,4,1,5
2022-06-23,0,0,0,0,0,0,0,0,0,0,0,0,7,2,9,3,2,5,8,2,10,3,2,5
2022-06-24,0,0,0,0,0,0,0,0,0,0,0,0,5,0,5,5,0,5,7,0,7,5,0,5
2022-06-25,0,0,0,0,0,0,0,0,0,0,0,0,0,0,0,0,0,0,0,0,0,0,0,0
2022-06-26,0,0,0,0,0,0,0,0,0,0,0,0,0,7,7,0,2,2,0,10,10,0,2,2
2022-06-27,0,0,0,0,0,0,0,0,0,0,0,0,3,0,3,3,0,3,3,0,3,3,0,3
2022-06-28,0,0,0,0,0,0,0,0,0,0,0,0,4,0,4,2,0,2,4,0,4,2,0,2
2022-06-29,0,0,0,0,0,0,0,0,0,0,0,0,15,2,17,8,1,9,15,3,18,8,1,9
2022-06-30,0,3,3,0,1,1,0,0,0,0,0,0,11,17,28,5,4,9,12,27,39,5,4,9
2022-07-01,0,1,1,0,1,1,0,0,0,0,0,0,7,11,18,5,3,8,8,16,24,5,3,8
2022-07-02,0,0,0,0,0,0,0,0,0,0,0,0,2,2,4,2,1,3,2,2,4,2,1,3
2022-07-03,0,0,0,0,0,0,0,0,0,0,0,0,1,0,1,1,0,1,1,0,1,1,0,1
2022-07-04,0,0,0,0,0,0,0,0,0,0,0,0,12,17,29,8,9,17,15,23,38,8,9,17
2022-07-05,0,0,0,0,0,0,0,0,0,0,0,0,17,8,25,4,5,9,17,9,26,4,5,9
2022-07-06,0,0,0,0,0,0,0,0,0,0,0,0,12,12,24,7,8,15,13,17,30,7,8,15
2022-07-07,0,0,0,0,0,0,0,0,0,0,0,0,8,25,33,7,10,17,8,33,41,7,10,17
2022-07-08,0,2,2,0,1,1,0,0,0,0,0,0,0,8,8,0,5,5,0,15,15,0,5,5
2022-07-09,0,0,0,0,0,0,0,0,0,0,0,0,0,9,9,0,2,2,0,18,18,0,2,2
2022-07-10,0,1,1,0,1,1,0,0,0,0,0,0,0,5,5,0,3,3,0,8,8,0,3,3
2022-07-11,0,0,0,0,0,0,0,0,0,0,0,0,10,9,19,5,5,10,11,10,21,5,5,10
2022-07-12,0,0,0,0,0,0,0,0,0,0,0,0,21,9,30,9,6,15,22,10,32,9,6,15
2022-07-13,0,1,1,0,1,1,0,0,0,0,0,0,19,7,26,12,5,17,21,9,30,12,5,17
2022-07-14,0,1,1,0,1,1,0,0,0,0,0,0,27,16,43,12,7,19,29,19,48,12,7,19
2022-07-15,0,0,0,0,0,0,0,0,0,0,0,0,12,14,26,5,5,10,13,33,46,5,5,10
2022-07-16,0,0,0,0,0,0,0,0,0,0,0,0,0,0,0,0,0,0,0,0,0,0,0,0
2022-07-17,0,0,0,0,0,0,0,0,0,0,0,0,0,0,0,0,0,0,0,0,0,0,0,0
2022-07-18,0,0,0,0,0,0,0,0,0,0,0,0,29,0,29,10,0,10,31,0,31,10,0,10
2022-07-19,0,0,0,0,0,0,0,0,0,0,0,0,21,6,27,8,2,10,22,10,32,8,2,10
2022-07-20,1,0,1,1,0,1,0,0,0,0,0,0,36,16,52,11,5,16,38,23,61,11,5,16
2022-07-21,0,0,0,0,0,0,0,0,0,0,0,0,26,22,48,11,6,17,27,41,68,11,6,17
2022-07-22,0,0,0,0,0,0,0,0,0,0,0,0,10,8,18,8,3,11,10,8,18,8,3,11
2022-07-23,0,0,0,0,0,0,0,0,0,0,0,0,2,15,17,1,5,6,4,26,30,1,5,6
2022-07-24,1,1,2,1,1,2,0,0,0,0,0,0,4,4,8,4,1,5,5,6,11,4,2,6
2022-07-25,0,0,0,0,0,0,0,0,0,0,0,0,10,0,10,6,0,6,12,0,12,6,0,6
2022-07-26,0,1,1,0,1,1,0,0,0,0,0,0,14,7,21,5,4,9,16,9,25,5,4,9
2022-07-27,0,0,0,0,0,0,0,0,0,0,0,0,29,17,46,10,9,19,29,25,54,10,9,19
2022-07-28,0,0,0,0,0,0,0,0,0,0,0,0,8,25,33,5,8,13,8,38,46,5,8,13
2022-07-29,0,7,7,0,2,2,0,0,0,0,0,0,30,9,39,8,3,11,33,31,64,8,3,11
2022-07-30,0,0,0,0,0,0,0,0,0,0,0,0,0,0,0,0,0,0,0,0,0,0,0,0
2022-07-31,0,0,0,0,0,0,0,0,0,0,0,0,6,13,19,1,3,4,7,18,25,1,3,4
2022-08-01,0,0,0,0,0,0,0,0,0,0,0,0,24,17,41,10,7,17,26,26,52,10,7,17
2022-08-02,1,0,1,1,0,1,0,0,0,0,0,0,20,5,25,11,4,15,22,6,28,11,4,15
2022-08-03,0,0,0,0,0,0,0,0,0,0,0,0,44,0,44,24,0,24,46,0,46,24,0,24
2022-08-04,1,0,1,1,0,1,0,0,0,0,0,0,34,0,34,14,0,14,38,0,38,14,0,14
2022-08-05,0,1,1,0,1,1,0,0,0,0,0,0,18,16,34,13,5,18,22,19,41,13,5,18
2022-08-06,0,0,0,0,0,0,0,0,0,0,0,0,0,1,1,0,1,1,0,1,1,0,1,1
2022-08-07,0,0,0,0,0,0,0,0,0,0,0,0,1,13,14,1,6,7,1,28,29,1,6,7
2022-08-08,0,0,0,0,0,0,0,0,0,0,0,0,14,4,18,7,3,10,14,6,20,7,3,10
2022-08-09,0,0,0,0,0,0,0,0,0,0,0,0,27,16,43,16,9,25,32,17,49,16,9,25
2022-08-10,0,1,1,0,1,1,0,0,0,0,0,0,23,0,23,13,0,13,25,1,26,13,1,14
2022-08-11,0,1,1,0,1,1,0,0,0,0,0,0,14,66,80,11,23,34,14,109,123,11,23,34
2022-08-12,1,0,1,1,0,1,0,0,0,0,0,0,22,0,22,10,0,10,26,0,26,10,0,10
2022-08-13,0,0,0,0,0,0,0,0,0,0,0,0,0,0,0,0,0,0,0,0,0,0,0,0
2022-08-14,0,0,0,0,0,0,0,0,0,0,0,0,1,0,1,1,0,1,1,0,1,1,0,1
2022-08-15,0,0,0,0,0,0,0,0,0,0,0,0,15,0,15,9,0,9,16,0,16,9,0,9
2022-08-16,1,0,1,1,0,1,0,0,0,0,0,0,28,0,28,19,0,19,33,0,33,19,0,19
2022-08-17,0,2,2,0,1,1,0,0,0,0,0,0,45,39,84,25,24,47,52,65,117,25,24,47
2022-08-18,0,0,0,0,0,0,0,0,0,0,0,0,23,0,23,10,0,10,25,0,25,10,0,10
2022-08-19,1,0,1,1,0,1,0,0,0,0,0,0,31,17,48,18,7,25,40,29,69,18,7,25
2022-08-20,0,0,0,0,0,0,0,0,0,0,0,0,0,22,22,0,10,10,0,30,30,0,10,10
2022-08-21,0,0,0,0,0,0,0,0,0,0,0,0,0,12,12,0,7,7,0,20,20,0,7,7
2022-08-22,4,1,5,3,1,4,0,0,0,0,0,0,50,60,110,24,29,53,55,81,136,24,29,53
2022-08-23,1,1,2,1,1,2,0,0,0,0,0,0,178,3,181,111,1,112,187,7,194,111,2,113
2022-08-24,2,7,9,2,2,4,0,0,0,0,0,0,198,7,205,108,4,112,223,14,237,108,6,114
2022-08-25,0,8,8,0,5,5,0,0,0,0,0,0,118,192,310,65,79,142,126,286,412,65,79,142
2022-08-26,1,1,2,1,1,2,0,0,0,0,0,0,44,3,47,28,1,29,51,4,55,28,2,30
2022-08-27,0,0,0,0,0,0,0,0,0,0,0,0,1,0,1,1,0,1,1,0,1,1,0,1
2022-08-28,0,2,2,0,1,1,0,0,0,0,0,0,2,4,6,2,2,4,2,6,8,2,3,5
2022-08-29,0,0,0,0,0,0,0,0,0,0,0,0,5,9,14,5,3,8,6,11,17,5,3,8
2022-08-30,1,3,4,1,3,4,0,0,0,0,0,0,72,1,73,39,1,40,81,4,85,39,3,42
2022-08-31,1,1,2,1,1,2,0,0,0,0,0,0,54,1,55,39,1,40,61,2,63,39,2,41
2022-09-01,0,4,4,0,3,3,0,0,0,0,0,0,65,93,158,45,45,90,71,134,205,45,45,90
2022-09-02,0,3,3,0,2,2,0,0,0,0,0,0,28,74,102,19,32,50,33,109,142,19,32,50
2022-09-03,0,0,0,0,0,0,0,0,0,0,0,0,3,0,3,3,0,3,3,0,3,3,0,3
2022-09-04,0,3,3,0,2,2,0,0,0,0,0,0,8,30,38,5,16,21,12,39,51,5,16,21
2022-09-05,0,0,0,0,0,0,0,0,0,0,0,0,47,48,95,23,23,46,49,75,124,23,23,46
2022-09-06,0,3,3,0,1,1,0,0,0,0,0,0,45,2,47,30,1,31,49,8,57,30,2,32
2022-09-07,0,1,1,0,1,1,0,0,0,0,0,0,67,81,148,48,41,89,74,103,177,48,41,89
2022-09-08,2,0,2,2,0,2,0,0,0,0,0,0,51,67,118,28,28,56,60,88,148,28,28,56
2022-09-09,0,0,0,0,0,0,0,0,0,0,0,0,33,34,67,16,18,34,34,44,78,16,18,34
2022-09-10,0,0,0,0,0,0,0,0,0,0,0,0,0,32,32,0,13,13,0,50,50,0,13,13
2022-09-11,0,6,6,0,4,4,0,0,0,0,0,0,0,0,0,0,0,0,0,6,6,0,4,4
2022-09-12,0,2,2,0,2,2,0,0,0,0,0,0,97,80,177,50,44,92,104,116,220,50,44,92
2022-09-13,1,1,2,1,1,2,0,0,0,0,0,0,70,2,72,44,2,46,76,3,79,44,3,47
2022-09-14,0,4,4,0,1,1,0,0,0,0,0,0,69,125,194,46,59,105,70,200,270,46,59,105
2022-09-15,0,2,2,0,2,2,0,0,0,0,0,0,59,0,59,34,0,34,62,2,64,34,2,36
2022-09-16,1,5,6,1,5,6,0,0,0,0,0,0,102,201,303,63,95,154,125,285,410,63,95,154
2022-09-17,0,2,2,0,1,1,0,0,0,0,0,0,4,110,114,4,38,42,4,177,181,4,38,42
2022-09-18,0,0,0,0,0,0,0,0,0,0,0,0,4,66,70,3,33,36,4,113,117,3,33,36
2022-09-19,0,0,0,0,0,0,0,0,0,0,0,0,12,0,12,6,0,6,12,0,12,6,0,6
2022-09-20,1,13,14,1,6,7,0,0,0,0,0,0,195,0,195,105,0,105,216,13,229,105,6,111
2022-09-21,1,9,10,1,7,8,0,0,0,0,0,0,173,15,188,108,7,115,191,27,218,108,14,122
2022-09-22,1,4,5,1,3,4,0,0,0,0,0,0,126,183,309,82,90,170,140,265,405,83,90,171
2022-09-23,1,3,4,1,3,4,0,0,0,0,0,0,73,139,212,32,71,102,84,193,277,33,71,103
2022-09-24,0,2,2,0,1,1,0,0,0,0,0,0,7,96,103,7,49,56,7,134,141,7,49,56
2022-09-25,0,1,1,0,1,1,0,0,0,0,0,0,12,0,12,9,0,9,14,1,15,9,1,10
2022-09-26,0,0,0,0,0,0,0,0,0,0,0,0,90,111,201,46,55,101,98,168,266,46,55,101
2022-09-27,1,1,2,1,1,2,0,0,0,0,0,0,83,115,198,59,52,111,96,191,287,59,52,111
2022-09-28,0,2,2,0,1,1,0,0,0,0,0,0,78,149,227,42,76,116,87,210,297,42,76,116
2022-09-29,1,10,11,1,6,7,0,0,0,0,0,0,110,275,385,53,134,186,119,400,519,53,134,186
2022-09-30,1,5,6,1,5,6,0,0,0,0,0,0,135,221,356,54,106,159,137,345,482,54,106,159
2022-10-01,0,3,3,0,3,3,0,0,0,0,0,0,13,72,85,9,41,50,16,107,123,9,41,50
2022-10-02,0,2,2,0,2,2,0,0,0,0,0,0,3,49,52,1,26,27,3,90,93,1,26,27
2022-10-03,0,0,0,0,0,0,0,0,0,0,0,0,47,76,123,24,34,58,50,117,167,24,34,58
2022-10-04,0,0,0,0,0,0,0,0,0,0,0,0,28,62,90,16,33,48,29,103,132,16,33,48
2022-10-05,1,1,2,1,1,2,0,0,0,0,0,0,20,38,58,13,23,36,22,52,74,13,23,36
2022-10-06,1,2,3,1,1,2,0,0,0,0,0,0,15,2,17,10,1,11,17,4,21,10,2,12
2022-10-07,0,1,1,0,1,1,0,0,0,0,0,0,6,18,24,5,9,14,6,31,37,5,9,14
2022-10-08,0,0,0,0,0,0,0,0,0,0,0,0,4,8,12,2,5,7,4,9,13,2,5,7
2022-10-09,0,0,0,0,0,0,0,0,0,0,0,0,26,9,35,4,5,9,26,12,38,4,5,9
2022-10-10,0,0,0,0,0,0,0,0,0,0,0,0,0,0,0,0,0,0,0,0,0,0,0,0
