date,tweets_published,impressions,engagements,engagement_rate,retweets,replies,likes,user_profile_clicks,url_clicks,hashtag_clicks,detail_expands,permalink_clicks,app_opens,app_installs,follows,email_tweet,dial_phone,media_views,media_engagements,promoted_impressions,promoted_engagements,promoted_engagement_rate,promoted_retweets,promoted_replies,promoted_likes,promoted_user_profile_clicks,promoted_url_clicks,promoted_hashtag_clicks,promoted_detail_expands,promoted_permalink_clicks,promoted_app_opens,promoted_app_installs,promoted_follows,promoted_email_tweet,promoted_dial_phone,promoted_media_views,promoted_media_engagements
2021-01-01,0,101,0,0.0,0,0,0,0,0,0,0,0,0,0,0,0,0,3,0,,,,,,,,,,,,,,,,,,
2021-01-02,0,73,0,0.0,0,0,0,0,0,0,0,0,0,0,0,0,0,0,0,,,,,,,,,,,,,,,,,,
2021-01-03,0,109,0,0.0,0,0,0,0,0,0,0,0,0,0,0,0,0,2,0,,,,,,,,,,,,,,,,,,
2021-01-04,0,193,1,0.005181347150259,0,0,1,0,0,0,0,0,0,0,0,0,0,1,0,,,,,,,,,,,,,,,,,,
2021-01-05,0,163,0,0.0,0,0,0,0,0,0,0,0,0,0,0,0,0,6,0,,,,,,,,,,,,,,,,,,
2021-01-06,0,295,9,0.0305084745762711,0,0,1,0,1,0,6,0,0,0,0,0,0,9,1,,,,,,,,,,,,,,,,,,
2021-01-07,0,216,0,0.0,0,0,0,0,0,0,0,0,0,0,0,0,0,2,0,,,,,,,,,,,,,,,,,,
2021-01-08,0,240,3,0.0125,0,0,0,0,0,0,3,0,0,0,0,0,0,1,0,,,,,,,,,,,,,,,,,,
2021-01-09,0,93,0,0.0,0,0,0,0,0,0,0,0,0,0,0,0,0,3,0,,,,,,,,,,,,,,,,,,
2021-01-10,0,188,2,0.0106382978723404,0,0,0,0,0,0,0,0,0,0,0,0,0,2,2,,,,,,,,,,,,,,,,,,
2021-01-11,0,118,1,0.0084745762711864,0,0,0,0,0,0,0,0,0,0,0,0,0,2,1,,,,,,,,,,,,,,,,,,
2021-01-12,0,213,4,0.0187793427230046,0,0,4,0,0,0,0,0,0,0,0,0,0,3,0,,,,,,,,,,,,,,,,,,
2021-01-13,0,164,0,0.0,0,0,0,0,0,0,0,0,0,0,0,0,0,1,0,,,,,,,,,,,,,,,,,,
2021-01-14,0,226,0,0.0,0,0,0,0,0,0,0,0,0,0,0,0,0,3,0,,,,,,,,,,,,,,,,,,
2021-01-15,0,156,1,0.0064102564102564,0,0,0,0,0,0,0,0,0,0,0,0,0,4,1,,,,,,,,,,,,,,,,,,
2021-01-16,0,165,0,0.0,0,0,0,0,0,0,0,0,0,0,0,0,0,2,0,,,,,,,,,,,,,,,,,,
2021-01-17,0,133,0,0.0,0,0,0,0,0,0,0,0,0,0,0,0,0,1,0,,,,,,,,,,,,,,,,,,
2021-01-18,0,168,1,0.0059523809523809,0,0,0,0,0,0,0,0,0,0,0,0,0,4,1,,,,,,,,,,,,,,,,,,
2021-01-19,0,208,0,0.0,0,0,0,0,0,0,0,0,0,0,0,0,0,2,0,,,,,,,,,,,,,,,,,,
2021-01-20,0,340,0,0.0,0,0,0,0,0,0,0,0,0,0,0,0,0,3,0,,,,,,,,,,,,,,,,,,
2021-01-21,0,141,2,0.0141843971631205,0,0,0,1,0,0,1,0,0,0,0,0,0,2,0,,,,,,,,,,,,,,,,,,
2021-01-22,0,318,2,0.0062893081761006,0,0,0,0,0,0,0,0,0,0,0,0,0,3,2,,,,,,,,,,,,,,,,,,
2021-01-23,0,120,0,0.0,0,0,0,0,0,0,0,0,0,0,0,0,0,0,0,,,,,,,,,,,,,,,,,,
2021-01-24,0,198,1,0.005050505050505,0,0,0,0,0,0,0,0,0,0,0,0,0,1,1,,,,,,,,,,,,,,,,,,
2021-01-25,0,179,0,0.0,0,0,0,0,0,0,0,0,0,0,0,0,0,1,0,,,,,,,,,,,,,,,,,,
2021-01-26,0,188,2,0.0106382978723404,0,0,0,1,1,0,0,0,0,0,0,0,0,0,0,,,,,,,,,,,,,,,,,,
2021-01-27,0,145,0,0.0,0,0,0,0,0,0,0,0,0,0,0,0,0,4,0,,,,,,,,,,,,,,,,,,
2021-01-28,0,200,0,0.0,0,0,0,0,0,0,0,0,0,0,0,0,0,6,0,,,,,,,,,,,,,,,,,,
2021-01-29,0,249,1,0.0040160642570281,0,0,0,0,0,0,0,0,0,0,0,0,0,1,1,,,,,,,,,,,,,,,,,,
2021-01-30,0,126,0,0.0,0,0,0,0,0,0,0,0,0,0,0,0,0,0,0,,,,,,,,,,,,,,,,,,
2021-01-31,0,222,1,0.0045045045045045,0,0,1,0,0,0,0,0,0,0,0,0,0,0,0,,,,,,,,,,,,,,,,,,
2021-02-01,0,205,1,0.0048780487804878,0,0,0,0,1,0,0,0,0,0,0,0,0,1,0,,,,,,,,,,,,,,,,,,
2021-02-02,0,265,1,0.0037735849056603,0,0,1,0,0,0,0,0,0,0,0,0,0,2,0,,,,,,,,,,,,,,,,,,
2021-02-03,0,182,0,0.0,0,0,0,0,0,0,0,0,0,0,0,0,0,2,0,,,,,,,,,,,,,,,,,,
2021-02-04,0,239,0,0.0,0,0,0,0,0,0,0,0,0,0,0,0,0,0,0,,,,,,,,,,,,,,,,,,
2021-02-05,0,187,0,0.0,0,0,0,0,0,0,0,0,0,0,0,0,0,0,0,,,,,,,,,,,,,,,,,,
2021-02-06,0,149,1,0.0067114093959731,0,0,0,1,0,0,0,0,0,0,0,0,0,1,0,,,,,,,,,,,,,,,,,,
2021-02-07,0,106,0,0.0,0,0,0,0,0,0,0,0,0,0,0,0,0,0,0,,,,,,,,,,,,,,,,,,
2021-02-08,0,269,3,0.0111524163568773,0,0,0,0,0,0,1,0,0,0,0,0,0,2,2,,,,,,,,,,,,,,,,,,
2021-02-09,0,482,1,0.0020746887966804,0,0,0,1,0,0,0,0,0,0,0,0,0,2,0,,,,,,,,,,,,,,,,,,
2021-02-10,0,391,0,0.0,0,0,0,0,0,0,0,0,0,0,0,0,0,0,0,,,,,,,,,,,,,,,,,,
2021-02-11,0,205,0,0.0,0,0,0,0,0,0,0,0,0,0,0,0,0,1,0,,,,,,,,,,,,,,,,,,
2021-02-12,0,193,1,0.005181347150259,0,0,0,1,0,0,0,0,0,0,0,0,0,1,0,,,,,,,,,,,,,,,,,,
2021-02-13,0,260,0,0.0,0,0,0,0,0,0,0,0,0,0,0,0,0,0,0,,,,,,,,,,,,,,,,,,
2021-02-14,0,143,0,0.0,0,0,0,0,0,0,0,0,0,0,0,0,0,0,0,,,,,,,,,,,,,,,,,,
2021-02-15,0,252,0,0.0,0,0,0,0,0,0,0,0,0,0,0,0,0,2,0,,,,,,,,,,,,,,,,,,
2021-02-16,0,175,0,0.0,0,0,0,0,0,0,0,0,0,0,0,0,0,1,0,,,,,,,,,,,,,,,,,,
2021-02-17,0,301,0,0.0,0,0,0,0,0,0,0,0,0,0,0,0,0,0,0,,,,,,,,,,,,,,,,,,
2021-02-18,0,275,2,0.0072727272727272,0,0,1,0,0,0,1,0,0,0,0,0,0,0,0,,,,,,,,,,,,,,,,,,
2021-02-19,0,2891,66,0.0228294707713593,7,0,19,7,8,0,18,0,0,0,0,0,0,8,7,,,,,,,,,,,,,,,,,,
2021-02-20,0,551,4,0.0072595281306715,1,0,0,0,0,0,0,0,0,0,0,0,0,6,3,,,,,,,,,,,,,,,,,,
2021-02-21,0,182,2,0.0109890109890109,0,0,0,0,2,0,0,0,0,0,0,0,0,1,0,,,,,,,,,,,,,,,,,,
2021-02-22,0,1466,19,0.0129604365620736,4,0,6,0,1,0,3,0,0,0,0,0,0,9,5,,,,,,,,,,,,,,,,,,
2021-02-23,0,524,11,0.0209923664122137,0,0,2,1,4,0,1,0,0,0,0,0,0,7,3,,,,,,,,,,,,,,,,,,
2021-02-24,0,6651,133,0.0199969929333934,16,1,17,7,31,0,51,0,0,0,0,0,0,13,10,,,,,,,,,,,,,,,,,,
2021-02-25,0,3175,74,0.0233070866141732,2,1,4,4,21,0,36,0,0,0,0,0,0,46,6,,,,,,,,,,,,,,,,,,
2021-02-26,0,512,6,0.01171875,0,0,0,0,6,0,0,0,0,0,0,0,0,4,0,,,,,,,,,,,,,,,,,,
2021-02-27,0,343,18,0.0524781341107871,1,0,1,6,7,0,3,0,0,0,0,0,0,3,0,,,,,,,,,,,,,,,,,,
2021-02-28,0,86,1,0.0116279069767441,0,0,0,1,0,0,0,0,0,0,0,0,0,2,0,,,,,,,,,,,,,,,,,,
2021-03-01,0,2141,44,0.0205511443250817,12,0,5,3,6,0,13,0,0,0,0,0,0,172,5,,,,,,,,,,,,,,,,,,
2021-03-02,0,2719,63,0.0231702831923501,6,0,5,6,10,0,35,0,0,0,0,0,0,170,1,,,,,,,,,,,,,,,,,,
2021-03-03,0,342,4,0.0116959064327485,0,0,0,1,2,0,1,0,0,0,0,0,0,8,0,,,,,,,,,,,,,,,,,,
2021-03-04,0,2953,41,0.0138841855739925,9,0,7,3,9,0,10,0,0,0,0,0,0,40,3,,,,,,,,,,,,,,,,,,
2021-03-05,0,2129,10,0.0046970408642555,2,0,2,2,2,0,0,0,0,0,0,0,0,31,2,,,,,,,,,,,,,,,,,,
2021-03-06,0,359,1,0.0027855153203342,0,0,0,0,1,0,0,0,0,0,0,0,0,4,0,,,,,,,,,,,,,,,,,,
2021-03-07,0,308,3,0.0097402597402597,0,0,0,2,1,0,0,0,0,0,0,0,0,4,0,,,,,,,,,,,,,,,,,,
2021-03-08,0,1112,15,0.0134892086330935,3,0,3,0,3,2,4,0,0,0,0,0,0,23,0,,,,,,,,,,,,,,,,,,
2021-03-09,0,531,7,0.0131826741996233,0,0,1,0,6,0,0,0,0,0,0,0,0,9,0,,,,,,,,,,,,,,,,,,
2021-03-10,0,506,7,0.0138339920948616,0,0,1,0,5,0,0,0,0,0,0,0,0,10,1,,,,,,,,,,,,,,,,,,
2021-03-11,0,325,4,0.0123076923076923,0,0,2,1,0,0,1,0,0,0,0,0,0,10,0,,,,,,,,,,,,,,,,,,
2021-03-12,0,326,2,0.0061349693251533,0,0,0,0,2,0,0,0,0,0,0,0,0,3,0,,,,,,,,,,,,,,,,,,
2021-03-13,0,170,0,0.0,0,0,0,0,0,0,0,0,0,0,0,0,0,3,0,,,,,,,,,,,,,,,,,,
2021-03-14,0,296,0,0.0,0,0,0,0,0,0,0,0,0,0,0,0,0,1,0,,,,,,,,,,,,,,,,,,
2021-03-15,0,165,2,0.0121212121212121,0,0,1,0,0,0,1,0,0,0,0,0,0,2,0,,,,,,,,,,,,,,,,,,
2021-03-16,0,181,4,0.0220994475138121,0,0,0,0,2,0,1,0,0,0,0,0,0,2,1,,,,,,,,,,,,,,,,,,
2021-03-17,0,282,5,0.0177304964539007,0,0,1,0,3,0,0,0,0,0,0,0,0,6,1,,,,,,,,,,,,,,,,,,
2021-03-18,0,292,2,0.0068493150684931,0,0,1,1,0,0,0,0,0,0,0,0,0,4,0,,,,,,,,,,,,,,,,,,
2021-03-19,0,187,0,0.0,0,0,0,0,0,0,0,0,0,0,0,0,0,1,0,,,,,,,,,,,,,,,,,,
2021-03-20,0,120,0,0.0,0,0,0,0,0,0,0,0,0,0,0,0,0,2,0,,,,,,,,,,,,,,,,,,
2021-03-21,0,298,2,0.0067114093959731,0,0,0,0,2,0,0,0,0,0,0,0,0,2,0,,,,,,,,,,,,,,,,,,
2021-03-22,0,230,1,0.0043478260869565,0,0,0,0,0,0,0,0,0,0,0,0,0,3,1,,,,,,,,,,,,,,,,,,
2021-03-23,0,322,6,0.0186335403726708,0,0,0,6,0,0,0,0,0,0,0,0,0,5,0,,,,,,,,,,,,,,,,,,
2021-03-24,0,403,3,0.0074441687344913,0,0,0,2,0,0,1,0,0,0,0,0,0,2,0,,,,,,,,,,,,,,,,,,
2021-03-25,0,271,0,0.0,0,0,0,0,0,0,0,0,0,0,0,0,0,3,0,,,,,,,,,,,,,,,,,,
2021-03-26,0,270,2,0.0074074074074074,0,0,0,0,0,0,2,0,0,0,0,0,0,2,0,,,,,,,,,,,,,,,,,,
2021-03-27,0,119,4,0.0336134453781512,0,0,0,2,1,0,1,0,0,0,0,0,0,4,0,,,,,,,,,,,,,,,,,,
2021-03-28,0,556,0,0.0,0,0,0,0,0,0,0,0,0,0,0,0,0,3,0,,,,,,,,,,,,,,,,,,
2021-03-29,0,299,2,0.0066889632107023,0,0,0,2,0,0,0,0,0,0,0,0,0,2,0,,,,,,,,,,,,,,,,,,
2021-03-30,0,215,0,0.0,0,0,0,0,0,0,0,0,0,0,0,0,0,1,0,,,,,,,,,,,,,,,,,,
2021-03-31,0,307,2,0.006514657980456,0,0,0,1,1,0,0,0,0,0,0,0,0,5,0,,,,,,,,,,,,,,,,,,
2021-04-01,0,386,0,0.0,0,0,0,0,0,0,0,0,0,0,0,0,0,0,0,,,,,,,,,,,,,,,,,,
2021-04-02,0,353,0,0.0,0,0,0,0,0,0,0,0,0,0,0,0,0,1,0,,,,,,,,,,,,,,,,,,
2021-04-03,0,292,5,0.0171232876712328,0,0,0,0,3,0,1,0,0,0,0,0,0,1,1,,,,,,,,,,,,,,,,,,
2021-04-04,0,327,0,0.0,0,0,0,0,0,0,0,0,0,0,0,0,0,1,0,,,,,,,,,,,,,,,,,,
2021-04-05,0,424,2,0.0047169811320754,0,0,0,0,1,0,1,0,0,0,0,0,0,3,0,,,,,,,,,,,,,,,,,,
2021-04-06,0,297,1,0.0033670033670033,0,0,0,0,1,0,0,0,0,0,0,0,0,1,0,,,,,,,,,,,,,,,,,,
2021-04-07,6,21812,447,0.0204933064368237,26,3,59,18,148,2,84,0,0,0,0,0,0,140,107,,,,,,,,,,,,,,,,,,
2021-04-08,2,14737,202,0.0137069959964714,21,1,29,9,56,0,48,0,0,0,0,0,0,43,38,,,,,,,,,,,,,,,,,,
2021-04-09,6,7091,92,0.0129741926385559,7,3,22,14,14,0,24,0,0,0,0,0,0,10,8,,,,,,,,,,,,,,,,,,
2021-04-10,0,1327,9,0.0067822155237377,0,0,0,0,2,0,6,0,0,0,0,0,0,0,1,,,,,,,,,,,,,,,,,,
2021-04-11,0,668,4,0.0059880239520958,0,1,0,0,1,0,2,0,0,0,0,0,0,1,0,,,,,,,,,,,,,,,,,,
2021-04-12,4,2907,28,0.0096319229446164,4,0,4,5,7,0,4,0,0,0,0,0,0,5,4,,,,,,,,,,,,,,,,,,
2021-04-13,2,2192,31,0.0141423357664233,4,0,11,4,7,0,3,0,0,0,0,0,0,2,2,,,,,,,,,,,,,,,,,,
2021-04-14,1,1409,24,0.0170333569907735,6,0,5,0,5,0,6,0,0,0,0,0,0,6,2,,,,,,,,,,,,,,,,,,
2021-04-15,2,550,18,0.0327272727272727,2,0,1,0,2,0,10,0,0,0,0,0,0,7,3,,,,,,,,,,,,,,,,,,
2021-04-16,3,3706,45,0.0121424716675661,8,1,13,2,9,0,4,0,0,0,0,0,0,8,8,,,,,,,,,,,,,,,,,,
2021-04-17,0,1081,16,0.0148011100832562,2,0,1,1,2,0,4,0,0,0,0,0,0,7,6,,,,,,,,,,,,,,,,,,
2021-04-18,0,714,29,0.0406162464985994,3,0,9,1,5,0,7,0,0,0,0,0,0,5,4,,,,,,,,,,,,,,,,,,
2021-04-19,7,10716,88,0.0082120194102276,10,1,21,9,13,1,27,0,0,0,0,0,0,7,6,,,,,,,,,,,,,,,,,,
2021-04-20,3,9757,102,0.0104540330019473,15,1,29,12,17,4,21,0,0,0,0,0,0,4,3,,,,,,,,,,,,,,,,,,
2021-04-21,2,6439,59,0.0091629134958844,6,2,14,5,5,0,21,0,0,0,0,0,0,7,6,,,,,,,,,,,,,,,,,,
2021-04-22,5,9242,309,0.0334343215754165,9,2,51,14,6,1,40,0,0,0,0,0,0,187,186,,,,,,,,,,,,,,,,,,
2021-04-23,3,10617,297,0.0279740039559197,5,0,31,11,21,0,35,0,0,0,0,0,0,195,194,,,,,,,,,,,,,,,,,,
2021-04-24,1,3063,33,0.0107737512242899,7,0,8,1,2,0,6,0,0,0,0,0,0,9,9,,,,,,,,,,,,,,,,,,
2021-04-25,0,1124,18,0.0160142348754448,3,0,3,5,0,0,7,0,0,0,0,0,0,0,0,,,,,,,,,,,,,,,,,,
2021-04-26,6,10973,208,0.0189556183359154,20,1,31,8,25,3,38,0,0,0,0,0,0,159,82,,,,,,,,,,,,,,,,,,
2021-04-27,9,23546,290,0.0123163169965174,28,6,71,24,11,8,65,0,0,0,0,0,0,79,77,,,,,,,,,,,,,,,,,,
2021-04-28,14,30385,381,0.0125390817837748,26,4,81,43,15,6,62,0,0,0,0,0,0,147,144,,,,,,,,,,,,,,,,,,
2021-04-29,11,17194,287,0.0166918692567174,33,3,54,41,35,1,54,0,0,0,0,0,0,99,66,,,,,,,,,,,,,,,,,,
2021-04-30,2,10034,59,0.0058800079728921,3,1,18,4,4,0,9,0,0,0,0,0,0,24,20,,,,,,,,,,,,,,,,,,
2021-05-01,0,3201,21,0.0065604498594189,2,0,2,3,0,1,3,0,0,0,0,0,0,11,10,,,,,,,,,,,,,,,,,,
2021-05-02,0,917,14,0.015267175572519,0,0,2,4,0,0,5,0,0,0,0,0,0,3,3,,,,,,,,,,,,,,,,,,
2021-05-03,0,614,3,0.004885993485342,0,0,0,2,0,0,0,0,0,0,0,0,0,2,1,,,,,,,,,,,,,,,,,,
2021-05-04,3,4873,42,0.0086189205828032,4,1,13,9,5,0,8,0,0,0,0,0,0,2,2,,,,,,,,,,,,,,,,,,
2021-05-05,0,1124,11,0.0097864768683274,1,0,4,5,0,0,0,0,0,0,0,0,0,2,1,,,,,,,,,,,,,,,,,,
2021-05-06,1,2845,38,0.0133567662565905,3,0,15,6,0,1,11,0,0,0,0,0,0,5,2,,,,,,,,,,,,,,,,,,
2021-05-07,2,4266,55,0.0128926394749179,10,0,19,6,9,0,9,0,0,0,0,0,0,2,2,,,,,,,,,,,,,,,,,,
2021-05-08,0,1652,19,0.011501210653753,3,0,5,0,3,0,4,0,0,0,0,0,0,4,4,,,,,,,,,,,,,,,,,,
2021-05-09,0,490,3,0.0061224489795918,0,0,1,0,0,0,1,0,0,0,0,0,0,3,1,,,,,,,,,,,,,,,,,,
2021-05-10,1,3515,32,0.009103840682788,2,1,7,3,4,0,7,0,0,0,0,0,0,9,8,,,,,,,,,,,,,,,,,,
2021-05-11,0,1156,17,0.0147058823529411,1,0,1,1,0,1,1,0,0,0,0,0,0,12,12,,,,,,,,,,,,,,,,,,
2021-05-12,0,701,7,0.0099857346647646,0,0,1,3,1,0,0,0,0,0,0,0,0,2,2,,,,,,,,,,,,,,,,,,
2021-05-13,1,1883,10,0.0053106744556558,1,0,2,1,0,0,2,0,0,0,0,0,0,4,4,,,,,,,,,,,,,,,,,,
2021-05-14,1,1961,16,0.0081591024987251,5,0,4,4,2,0,1,0,0,0,0,0,0,0,0,,,,,,,,,,,,,,,,,,
2021-05-15,0,431,2,0.0046403712296983,1,0,0,1,0,0,0,0,0,0,0,0,0,0,0,,,,,,,,,,,,,,,,,,
2021-05-16,0,359,3,0.0083565459610027,0,0,1,2,0,0,0,0,0,0,0,0,0,0,0,,,,,,,,,,,,,,,,,,
2021-05-17,1,1333,13,0.0097524381095273,2,0,6,4,0,0,1,0,0,0,0,0,0,0,0,,,,,,,,,,,,,,,,,,
2021-05-18,0,497,2,0.0040241448692152,0,0,1,1,0,0,0,0,0,0,0,0,0,1,0,,,,,,,,,,,,,,,,,,
2021-05-19,0,444,6,0.0135135135135135,0,0,0,2,2,0,0,0,0,0,0,0,0,4,2,,,,,,,,,,,,,,,,,,
2021-05-20,0,455,3,0.0065934065934065,0,0,0,0,0,0,1,0,0,0,0,0,0,4,2,,,,,,,,,,,,,,,,,,
2021-05-21,0,448,1,0.0022321428571428,0,0,0,0,0,0,0,0,0,0,0,0,0,2,1,,,,,,,,,,,,,,,,,,
2021-05-22,0,195,1,0.0051282051282051,0,0,0,0,1,0,0,0,0,0,0,0,0,3,0,,,,,,,,,,,,,,,,,,
2021-05-23,0,197,0,0.0,0,0,0,0,0,0,0,0,0,0,0,0,0,3,0,,,,,,,,,,,,,,,,,,
2021-05-24,1,2147,16,0.007452258965999,3,0,5,2,3,0,0,0,0,0,0,0,0,5,3,,,,,,,,,,,,,,,,,,
2021-05-25,2,1933,14,0.0072426280393171,2,1,4,0,2,0,2,0,0,0,0,0,0,4,3,,,,,,,,,,,,,,,,,,
2021-05-26,2,8871,71,0.0080036072596099,6,1,16,8,11,0,9,0,0,0,0,0,0,21,20,,,,,,,,,,,,,,,,,,
2021-05-27,0,1437,12,0.0083507306889352,0,0,0,1,2,0,5,0,0,0,0,0,0,4,4,,,,,,,,,,,,,,,,,,
2021-05-28,0,539,3,0.0055658627087198,0,0,0,1,0,0,1,0,0,0,0,0,0,2,1,,,,,,,,,,,,,,,,,,
2021-05-29,0,406,0,0.0,0,0,0,0,0,0,0,0,0,0,0,0,0,0,0,,,,,,,,,,,,,,,,,,
2021-05-30,0,207,0,0.0,0,0,0,0,0,0,0,0,0,0,0,0,0,1,0,,,,,,,,,,,,,,,,,,
2021-05-31,0,159,2,0.0125786163522012,0,0,1,0,0,0,0,0,0,0,0,0,0,1,1,,,,,,,,,,,,,,,,,,
2021-06-01,1,4113,42,0.0102115244347191,8,0,15,1,2,1,3,0,0,0,0,0,0,14,12,,,,,,,,,,,,,,,,,,
2021-06-02,0,1160,5,0.0043103448275862,2,0,2,0,0,0,0,0,0,0,0,0,0,1,1,,,,,,,,,,,,,,,,,,
2021-06-03,0,346,6,0.0173410404624277,0,0,1,2,1,0,1,0,0,0,0,0,0,3,1,,,,,,,,,,,,,,,,,,
2021-06-04,0,347,3,0.0086455331412103,0,0,0,0,2,0,0,0,0,0,0,0,0,2,1,,,,,,,,,,,,,,,,,,
2021-06-05,0,155,0,0.0,0,0,0,0,0,0,0,0,0,0,0,0,0,1,0,,,,,,,,,,,,,,,,,,
2021-06-06,0,175,0,0.0,0,0,0,0,0,0,0,0,0,0,0,0,0,1,0,,,,,,,,,,,,,,,,,,
2021-06-07,1,1016,3,0.0029527559055118,0,1,1,0,0,0,0,0,0,0,0,0,0,1,1,,,,,,,,,,,,,,,,,,
2021-06-08,0,398,0,0.0,0,0,0,0,0,0,0,0,0,0,0,0,0,0,0,,,,,,,,,,,,,,,,,,
2021-06-09,0,310,0,0.0,0,0,0,0,0,0,0,0,0,0,0,0,0,1,0,,,,,,,,,,,,,,,,,,
2021-06-10,0,299,4,0.0133779264214046,0,0,0,0,3,0,1,0,0,0,0,0,0,0,0,,,,,,,,,,,,,,,,,,
2021-06-11,0,182,1,0.0054945054945054,0,0,0,0,1,0,0,0,0,0,0,0,0,1,0,,,,,,,,,,,,,,,,,,
2021-06-12,0,134,1,0.0074626865671641,0,0,0,0,0,0,0,0,0,0,0,0,0,1,1,,,,,,,,,,,,,,,,,,
2021-06-13,0,114,0,0.0,0,0,0,0,0,0,0,0,0,0,0,0,0,0,0,,,,,,,,,,,,,,,,,,
2021-06-14,3,5892,65,0.0110319076714188,12,0,17,5,0,2,11,0,0,0,0,0,0,24,18,,,,,,,,,,,,,,,,,,
2021-06-15,0,3132,37,0.0118135376756066,2,1,5,4,0,0,12,0,0,0,0,0,0,15,13,,,,,,,,,,,,,,,,,,
2021-06-16,0,833,9,0.0108043217286914,0,0,0,1,1,0,4,0,0,0,0,0,0,3,3,,,,,,,,,,,,,,,,,,
2021-06-17,1,4070,78,0.0191646191646191,9,0,22,3,7,0,14,0,0,0,0,0,0,26,23,,,,,,,,,,,,,,,,,,
2021-06-18,0,4637,28,0.0060383868880741,5,0,5,2,1,0,5,0,0,0,0,0,0,11,10,,,,,,,,,,,,,,,,,,
2021-06-19,0,447,0,0.0,0,0,0,0,0,0,0,0,0,0,0,0,0,1,0,,,,,,,,,,,,,,,,,,
2021-06-20,0,309,3,0.0097087378640776,0,0,0,2,0,0,0,0,0,0,0,0,0,1,1,,,,,,,,,,,,,,,,,,
2021-06-21,1,767,12,0.0156453715775749,1,0,8,2,0,0,1,0,0,0,0,0,0,0,0,,,,,,,,,,,,,,,,,,
2021-06-22,1,3358,22,0.0065515187611673,3,0,4,2,9,0,4,0,0,0,0,0,0,0,0,,,,,,,,,,,,,,,,,,
2021-06-23,0,3343,2,0.0005982650314089,0,0,0,0,1,0,1,0,0,0,0,0,0,1,0,,,,,,,,,,,,,,,,,,
2021-06-24,0,261,0,0.0,0,0,0,0,0,0,0,0,0,0,0,0,0,0,0,,,,,,,,,,,,,,,,,,
2021-06-25,0,253,2,0.0079051383399209,0,0,1,0,0,0,0,0,0,0,0,0,0,3,1,,,,,,,,,,,,,,,,,,
2021-06-26,0,247,3,0.0121457489878542,0,0,0,0,1,2,0,0,0,0,0,0,0,0,0,,,,,,,,,,,,,,,,,,
2021-06-27,0,184,3,0.0163043478260869,0,0,0,0,0,0,0,0,0,0,0,0,0,3,3,,,,,,,,,,,,,,,,,,
2021-06-28,0,326,3,0.00920245398773,0,0,0,1,0,0,0,0,0,0,0,0,0,2,2,,,,,,,,,,,,,,,,,,
2021-06-29,2,4302,59,0.0137145513714551,11,0,17,2,15,1,6,0,0,0,0,0,0,8,7,,,,,,,,,,,,,,,,,,
2021-06-30,2,2910,35,0.0120274914089347,2,2,10,2,1,0,10,0,0,0,0,0,0,15,8,,,,,,,,,,,,,,,,,,
2021-07-01,3,2219,17,0.0076611086074808,3,0,5,1,6,0,0,0,0,0,0,0,0,3,2,,,,,,,,,,,,,,,,,,
2021-07-02,1,618,12,0.0194174757281553,1,1,4,1,1,0,4,0,0,0,0,0,0,5,0,,,,,,,,,,,,,,,,,,
2021-07-03,0,213,0,0.0,0,0,0,0,0,0,0,0,0,0,0,0,0,0,0,,,,,,,,,,,,,,,,,,
2021-07-04,0,180,1,0.0055555555555555,0,0,0,0,0,0,0,0,0,0,0,0,0,1,1,,,,,,,,,,,,,,,,,,
2021-07-05,0,351,12,0.0341880341880341,2,0,5,0,1,0,2,0,0,0,0,0,0,2,2,,,,,,,,,,,,,,,,,,
2021-07-06,2,1354,12,0.0088626292466765,3,1,7,1,0,0,0,0,0,0,0,0,0,0,0,,,,,,,,,,,,,,,,,,
2021-07-07,3,4230,47,0.0111111111111111,7,2,16,3,2,1,15,0,0,0,0,0,0,1,1,,,,,,,,,,,,,,,,,,
2021-07-08,1,1820,14,0.0076923076923076,4,0,1,0,3,0,2,0,0,0,0,0,0,6,4,,,,,,,,,,,,,,,,,,
2021-07-09,2,1151,12,0.0104257167680278,2,0,2,1,1,0,4,0,0,0,0,0,0,2,2,,,,,,,,,,,,,,,,,,
2021-07-10,0,290,8,0.0275862068965517,1,0,3,0,0,0,4,0,0,0,0,0,0,0,0,,,,,,,,,,,,,,,,,,
2021-07-11,0,179,1,0.0055865921787709,1,0,0,0,0,0,0,0,0,0,0,0,0,1,0,,,,,,,,,,,,,,,,,,
2021-07-12,0,365,9,0.0246575342465753,1,0,1,1,1,0,3,0,0,0,0,0,0,2,2,,,,,,,,,,,,,,,,,,
2021-07-13,1,368,9,0.0244565217391304,2,0,2,0,2,0,1,0,0,0,0,0,0,3,2,,,,,,,,,,,,,,,,,,
2021-07-14,0,379,8,0.021108179419525,0,0,0,1,1,0,3,0,0,0,0,0,0,4,3,,,,,,,,,,,,,,,,,,
2021-07-15,2,4530,51,0.0112582781456953,12,0,15,6,2,5,7,0,0,0,0,0,0,4,4,,,,,,,,,,,,,,,,,,
2021-07-16,3,4829,64,0.0132532615448332,6,0,19,3,7,0,26,0,0,0,0,0,0,5,3,,,,,,,,,,,,,,,,,,
2021-07-17,1,1478,26,0.0175913396481732,2,1,1,8,4,1,6,0,0,0,0,0,0,3,3,,,,,,,,,,,,,,,,,,
2021-07-18,0,306,10,0.0326797385620915,3,0,2,1,1,0,2,0,0,0,0,0,0,1,1,,,,,,,,,,,,,,,,,,
2021-07-19,4,3666,75,0.0204582651391162,8,1,15,6,2,3,26,0,0,0,0,0,0,174,14,,,,,,,,,,,,,,,,,,
2021-07-20,2,3967,36,0.0090748676581799,4,0,10,1,1,0,8,0,0,0,0,0,0,34,12,,,,,,,,,,,,,,,,,,
2021-07-21,5,5151,68,0.0132013201320132,9,0,13,7,7,0,25,0,0,0,0,0,0,14,7,,,,,,,,,,,,,,,,,,
2021-07-22,0,1094,8,0.0073126142595978,3,0,2,0,0,0,3,0,0,0,0,0,0,2,0,,,,,,,,,,,,,,,,,,
2021-07-23,0,457,17,0.037199124726477,3,1,2,0,3,0,5,0,0,0,0,0,0,3,3,,,,,,,,,,,,,,,,,,
2021-07-24,0,242,4,0.0165289256198347,0,0,0,0,4,0,0,0,0,0,0,0,0,0,0,,,,,,,,,,,,,,,,,,
2021-07-25,0,263,3,0.0114068441064638,1,0,2,0,0,0,0,0,0,0,0,0,0,0,0,,,,,,,,,,,,,,,,,,
2021-07-26,3,2094,51,0.0243553008595988,8,0,11,3,6,0,15,0,0,0,0,0,0,8,8,,,,,,,,,,,,,,,,,,
2021-07-27,5,3527,42,0.0119081372271051,2,2,18,6,1,0,12,0,0,0,0,0,0,8,1,,,,,,,,,,,,,,,,,,
2021-07-28,2,1699,12,0.0070629782224838,1,1,6,0,0,1,2,0,0,0,0,0,0,10,1,,,,,,,,,,,,,,,,,,
2021-07-29,0,1338,20,0.014947683109118,2,1,8,1,3,0,2,0,0,0,0,0,0,9,3,,,,,,,,,,,,,,,,,,
2021-07-30,0,409,3,0.0073349633251833,0,0,0,0,2,0,1,0,0,0,0,0,0,6,0,,,,,,,,,,,,,,,,,,
2021-07-31,0,251,1,0.0039840637450199,0,0,0,0,0,0,0,0,0,0,0,0,0,2,1,,,,,,,,,,,,,,,,,,
2021-08-01,0,205,1,0.0048780487804878,0,0,1,0,0,0,0,0,0,0,0,0,0,0,0,,,,,,,,,,,,,,,,,,
2021-08-02,2,1751,15,0.0085665334094802,7,0,3,0,2,0,0,0,0,0,0,0,0,5,3,,,,,,,,,,,,,,,,,,
2021-08-03,2,2285,26,0.011378555798687,4,0,4,2,1,0,10,0,0,0,0,0,0,6,5,,,,,,,,,,,,,,,,,,
2021-08-04,1,3119,44,0.0141070856043603,5,1,14,4,4,3,4,0,0,0,0,0,0,9,9,,,,,,,,,,,,,,,,,,
2021-08-05,4,3790,36,0.0094986807387862,5,0,9,5,3,0,8,0,0,0,0,0,0,142,6,,,,,,,,,,,,,,,,,,
2021-08-06,0,677,13,0.0192023633677991,0,0,1,6,1,0,1,0,0,0,0,0,0,13,4,,,,,,,,,,,,,,,,,,
2021-08-07,0,224,4,0.0178571428571428,1,0,1,2,0,0,0,0,0,0,0,0,0,3,0,,,,,,,,,,,,,,,,,,
2021-08-08,1,1740,29,0.0166666666666666,3,0,6,7,0,2,8,0,0,0,0,0,0,159,3,,,,,,,,,,,,,,,,,,
2021-08-09,7,4917,45,0.0091519219035997,5,4,3,3,6,1,16,0,0,0,0,0,0,52,7,,,,,,,,,,,,,,,,,,
2021-08-10,3,821,11,0.0133982947624847,2,0,5,1,1,0,1,0,0,0,0,0,0,32,1,,,,,,,,,,,,,,,,,,
2021-08-11,1,5103,45,0.0088183421516754,7,0,14,10,10,0,2,0,0,0,0,0,0,395,2,,,,,,,,,,,,,,,,,,
2021-08-12,1,2315,19,0.0082073434125269,2,0,4,4,1,5,2,0,0,0,0,0,0,60,1,,,,,,,,,,,,,,,,,,
2021-08-13,3,4644,58,0.0124892334194659,4,1,7,7,3,7,23,0,0,0,0,0,0,150,6,,,,,,,,,,,,,,,,,,
2021-08-14,0,371,2,0.0053908355795148,1,0,0,0,0,0,1,0,0,0,0,0,0,10,0,,,,,,,,,,,,,,,,,,
2021-08-15,0,318,4,0.0125786163522012,0,0,0,2,0,0,1,0,0,0,0,0,0,8,1,,,,,,,,,,,,,,,,,,
2021-08-16,2,5986,38,0.0063481456732375,6,0,6,3,6,4,6,0,0,0,0,0,0,24,7,,,,,,,,,,,,,,,,,,
2021-08-17,3,5452,66,0.012105649303008,9,0,25,11,2,1,13,0,0,0,0,0,0,135,5,,,,,,,,,,,,,,,,,,
2021-08-18,3,6807,68,0.0099897164683414,11,1,19,2,2,9,14,0,0,0,0,0,0,383,10,,,,,,,,,,,,,,,,,,
2021-08-19,2,5162,44,0.0085238279736536,9,0,16,2,3,3,5,0,0,0,0,0,0,83,6,,,,,,,,,,,,,,,,,,
2021-08-20,1,3454,24,0.0069484655471916,5,0,13,3,0,0,1,0,0,0,0,0,0,18,2,,,,,,,,,,,,,,,,,,
2021-08-21,0,943,18,0.0190880169671261,2,1,9,1,0,0,4,0,0,0,0,0,0,6,1,,,,,,,,,,,,,,,,,,
2021-08-22,0,522,13,0.0249042145593869,3,0,10,0,0,0,0,0,0,0,0,0,0,4,0,,,,,,,,,,,,,,,,,,
2021-08-23,2,1974,39,0.019756838905775,4,1,11,8,4,5,4,0,0,0,0,0,0,21,2,,,,,,,,,,,,,,,,,,
2021-08-24,0,1109,11,0.0099188458070333,0,0,4,3,0,0,3,0,0,0,0,0,0,12,1,,,,,,,,,,,,,,,,,,
2021-08-25,2,3238,49,0.0151327980234712,4,1,12,3,3,0,15,0,0,0,0,0,0,22,11,,,,,,,,,,,,,,,,,,
2021-08-26,1,3194,52,0.0162805259862241,9,1,23,3,5,1,7,0,0,0,0,0,0,9,3,,,,,,,,,,,,,,,,,,
2021-08-27,3,2227,29,0.0130220026942074,2,1,9,1,2,0,10,0,0,0,0,0,0,9,4,,,,,,,,,,,,,,,,,,
2021-08-28,0,458,2,0.0043668122270742,0,0,2,0,0,0,0,0,0,0,0,0,0,1,0,,,,,,,,,,,,,,,,,,
2021-08-29,0,245,7,0.0285714285714285,1,0,5,1,0,0,0,0,0,0,0,0,0,2,0,,,,,,,,,,,,,,,,,,
2021-08-30,0,374,7,0.0187165775401069,1,0,4,0,1,0,1,0,0,0,0,0,0,8,0,,,,,,,,,,,,,,,,,,
2021-08-31,1,19131,309,0.0161517955151325,22,1,39,27,96,3,81,0,0,0,0,0,0,44,40,,,,,,,,,,,,,,,,,,
2021-09-01,1,15323,166,0.0108333877178098,8,1,21,7,66,2,30,0,0,0,0,0,0,33,31,,,,,,,,,,,,,,,,,,
2021-09-02,2,13948,168,0.012044737596788,9,2,23,10,30,2,39,0,0,0,0,0,0,55,53,,,,,,,,,,,,,,,,,,
2021-09-03,5,3863,87,0.0225213564587108,5,4,19,6,13,3,21,0,0,0,0,0,0,20,16,,,,,,,,,,,,,,,,,,
2021-09-04,0,936,19,0.0202991452991453,0,0,3,3,4,3,3,0,0,0,0,0,0,6,3,,,,,,,,,,,,,,,,,,
2021-09-05,0,641,16,0.0249609984399376,1,0,0,1,5,0,8,0,0,0,0,0,0,2,1,,,,,,,,,,,,,,,,,,
2021-09-06,5,1294,49,0.0378670788253477,10,1,14,2,7,5,9,0,0,0,0,0,0,4,1,,,,,,,,,,,,,,,,,,
2021-09-07,7,3638,94,0.0258383727322704,5,4,24,5,8,2,25,0,0,0,0,0,0,81,21,,,,,,,,,,,,,,,,,,
2021-09-08,10,5523,202,0.0365743255477095,17,7,35,13,12,27,86,0,0,0,0,0,0,15,5,,,,,,,,,,,,,,,,,,
2021-09-09,11,4481,118,0.0263334077214907,13,7,24,6,16,12,30,0,0,0,0,0,0,11,10,,,,,,,,,,,,,,,,,,
2021-09-10,8,4427,92,0.0207815676530381,10,9,14,2,10,9,32,0,0,0,0,0,0,6,6,,,,,,,,,,,,,,,,,,
2021-09-11,0,1254,24,0.0191387559808612,3,0,5,7,5,1,1,0,0,0,0,0,0,2,2,,,,,,,,,,,,,,,,,,
2021-09-12,5,1797,40,0.0222593210907067,5,5,11,2,1,2,13,0,0,0,0,0,0,3,1,,,,,,,,,,,,,,,,,,
2021-09-13,10,7222,240,0.0332317917474383,22,7,54,32,30,20,72,0,0,0,0,0,0,74,3,,,,,,,,,,,,,,,,,,
2021-09-14,18,12004,300,0.0249916694435188,16,9,76,26,34,22,61,0,0,0,0,0,0,121,56,,,,,,,,,,,,,,,,,,
2021-09-15,9,10456,314,0.0300306044376434,20,5,73,28,32,12,75,0,0,0,0,0,0,95,69,,,,,,,,,,,,,,,,,,
2021-09-16,7,6215,118,0.0189863234111021,10,4,30,7,15,12,30,0,0,0,0,0,0,11,10,,,,,,,,,,,,,,,,,,
2021-09-17,6,4896,105,0.0214460784313725,13,2,23,12,19,5,23,0,0,0,0,0,0,105,8,,,,,,,,,,,,,,,,,,
2021-09-18,5,2846,81,0.0284609978917779,12,4,17,3,15,0,21,0,0,0,0,0,0,22,9,,,,,,,,,,,,,,,,,,
2021-09-19,1,1199,26,0.0216847372810675,0,0,0,4,9,7,4,0,0,0,0,0,0,8,2,,,,,,,,,,,,,,,,,,
2021-09-20,20,20111,279,0.013873004823231,44,2,87,18,32,18,68,0,0,0,0,0,0,18,10,,,,,,,,,,,,,,,,,,
2021-09-21,7,9589,143,0.0149129210553759,16,4,24,5,21,3,64,0,0,0,0,0,0,10,6,,,,,,,,,,,,,,,,,,
2021-09-22,14,8845,229,0.0258903335217637,20,12,55,19,23,13,71,0,0,0,0,0,0,19,16,,,,,,,,,,,,,,,,,,
2021-09-23,14,8540,214,0.0250585480093676,13,8,49,28,23,14,53,0,0,0,0,0,0,57,26,,,,,,,,,,,,,,,,,,
2021-09-24,7,6255,160,0.0255795363709032,8,4,35,12,6,1,36,0,0,0,0,0,0,154,58,,,,,,,,,,,,,,,,,,
2021-09-25,1,1713,35,0.0204319906596614,3,0,5,1,2,4,8,0,0,0,0,0,0,19,12,,,,,,,,,,,,,,,,,,
2021-09-26,0,1241,18,0.0145044319097502,1,0,1,1,9,1,3,0,0,0,0,0,0,6,2,,,,,,,,,,,,,,,,,,
2021-09-27,7,5840,148,0.0253424657534246,7,3,29,11,22,4,29,0,0,0,0,0,0,149,43,,,,,,,,,,,,,,,,,,
2021-09-28,12,8534,161,0.0188657136161237,11,4,34,16,15,9,32,0,0,0,0,0,0,76,40,,,,,,,,,,,,,,,,,,
2021-09-29,19,12478,298,0.0238820323769834,20,15,66,21,34,19,82,0,0,0,0,0,0,52,41,,,,,,,,,,,,,,,,,,
2021-09-30,10,15520,137,0.0088273195876288,10,2,32,16,15,7,32,0,0,0,0,0,0,33,23,,,,,,,,,,,,,,,,,,
2021-10-01,9,8946,112,0.0125195618153364,11,4,26,21,11,4,24,0,0,0,0,0,0,34,11,,,,,,,,,,,,,,,,,,
2021-10-02,0,1243,10,0.0080450522928399,0,0,0,4,0,0,5,0,0,0,0,0,0,1,1,,,,,,,,,,,,,,,,,,
2021-10-03,0,1439,16,0.0111188325225851,2,0,1,2,5,1,5,0,0,0,0,0,0,2,0,,,,,,,,,,,,,,,,,,
2021-10-04,1,3118,39,0.0125080179602309,4,0,19,4,3,2,6,0,0,0,0,0,0,5,1,,,,,,,,,,,,,,,,,,
2021-10-05,0,1344,12,0.0089285714285714,1,0,3,1,0,0,1,0,0,0,0,0,0,7,6,,,,,,,,,,,,,,,,,,
2021-10-06,0,944,23,0.024364406779661,0,0,1,0,0,0,19,0,0,0,0,0,0,3,3,,,,,,,,,,,,,,,,,,
2021-10-07,1,1227,4,0.0032599837000814,0,0,1,0,1,1,1,0,0,0,0,0,0,1,0,,,,,,,,,,,,,,,,,,
2021-10-08,0,647,6,0.0092735703245749,0,0,1,4,0,0,0,0,0,0,0,0,0,2,1,,,,,,,,,,,,,,,,,,
2021-10-09,0,313,0,0.0,0,0,0,0,0,0,0,0,0,0,0,0,0,7,0,,,,,,,,,,,,,,,,,,
2021-10-10,0,330,3,0.009090909090909,0,0,1,2,0,0,0,0,0,0,0,0,0,0,0,,,,,,,,,,,,,,,,,,
2021-10-11,3,3374,91,0.0269709543568464,6,2,26,0,2,0,9,0,0,0,0,0,0,49,46,,,,,,,,,,,,,,,,,,
2021-10-12,2,2393,57,0.0238194734642707,4,2,12,6,2,2,7,0,0,0,0,0,0,23,22,,,,,,,,,,,,,,,,,,
2021-10-13,0,597,5,0.0083752093802345,0,0,1,0,0,0,1,0,0,0,0,0,0,5,3,,,,,,,,,,,,,,,,,,
2021-10-14,2,1685,15,0.0089020771513353,1,0,8,1,1,0,4,0,0,0,0,0,0,1,0,,,,,,,,,,,,,,,,,,
2021-10-15,0,392,5,0.0127551020408163,0,0,0,4,0,0,1,0,0,0,0,0,0,1,0,,,,,,,,,,,,,,,,,,
2021-10-16,0,198,1,0.005050505050505,0,0,0,0,1,0,0,0,0,0,0,0,0,0,0,,,,,,,,,,,,,,,,,,
2021-10-17,0,194,0,0.0,0,0,0,0,0,0,0,0,0,0,0,0,0,0,0,,,,,,,,,,,,,,,,,,
2021-10-18,0,343,3,0.0087463556851311,1,0,1,0,1,0,0,0,0,0,0,0,0,0,0,,,,,,,,,,,,,,,,,,
2021-10-19,2,1955,24,0.0122762148337595,5,1,12,3,2,0,1,0,0,0,0,0,0,198,0,,,,,,,,,,,,,,,,,,
2021-10-20,0,484,6,0.012396694214876,1,0,2,1,0,1,1,0,0,0,0,0,0,28,0,,,,,,,,,,,,,,,,,,
2021-10-21,1,1009,9,0.0089197224975222,1,0,4,2,0,2,0,0,0,0,0,0,0,15,0,,,,,,,,,,,,,,,,,,
2021-10-22,0,630,8,0.0126984126984126,2,0,2,0,0,0,3,0,0,0,1,0,0,7,0,,,,,,,,,,,,,,,,,,
2021-10-23,0,211,1,0.0047393364928909,0,0,0,0,0,0,1,0,0,0,0,0,0,2,0,,,,,,,,,,,,,,,,,,
2021-10-24,0,197,2,0.0101522842639593,0,0,0,2,0,0,0,0,0,0,0,0,0,0,0,,,,,,,,,,,,,,,,,,
2021-10-25,0,258,5,0.0193798449612403,0,0,0,0,0,1,0,0,0,0,0,0,0,4,4,,,,,,,,,,,,,,,,,,
2021-10-26,1,480,10,0.0208333333333333,0,0,3,0,0,1,4,0,0,0,0,0,0,4,2,,,,,,,,,,,,,,,,,,
2021-10-27,0,388,5,0.0128865979381443,0,0,1,0,1,0,2,0,0,0,0,0,0,5,1,,,,,,,,,,,,,,,,,,
2021-10-28,0,203,2,0.0098522167487684,0,0,0,1,0,0,0,0,0,0,0,0,0,3,1,,,,,,,,,,,,,,,,,,
2021-10-29,0,164,2,0.0121951219512195,0,0,0,0,1,0,1,0,0,0,0,0,0,4,0,,,,,,,,,,,,,,,,,,
2021-10-30,0,173,2,0.0115606936416184,0,0,0,0,2,0,0,0,0,0,0,0,0,1,0,,,,,,,,,,,,,,,,,,
2021-10-31,0,114,0,0.0,0,0,0,0,0,0,0,0,0,0,0,0,0,0,0,,,,,,,,,,,,,,,,,,
2021-11-01,0,173,3,0.0173410404624277,0,0,0,0,1,0,1,0,0,0,0,0,0,2,1,,,,,,,,,,,,,,,,,,
2021-11-02,0,243,0,0.0,0,0,0,0,0,0,0,0,0,0,0,0,0,0,0,,,,,,,,,,,,,,,,,,
2021-11-03,0,172,0,0.0,0,0,0,0,0,0,0,0,0,0,0,0,0,1,0,,,,,,,,,,,,,,,,,,
2021-11-04,0,170,0,0.0,0,0,0,0,0,0,0,0,0,0,0,0,0,1,0,,,,,,,,,,,,,,,,,,
2021-11-05,0,285,0,0.0,0,0,0,0,0,0,0,0,0,0,0,0,0,1,0,,,,,,,,,,,,,,,,,,
2021-11-06,0,145,0,0.0,0,0,0,0,0,0,0,0,0,0,0,0,0,1,0,,,,,,,,,,,,,,,,,,
2021-11-07,0,210,3,0.0142857142857142,0,0,0,1,0,0,2,0,0,0,0,0,0,5,0,,,,,,,,,,,,,,,,,,
2021-11-08,1,610,13,0.021311475409836,2,0,1,5,0,0,4,0,0,0,0,0,0,4,1,,,,,,,,,,,,,,,,,,
2021-11-09,0,250,5,0.02,1,0,0,3,1,0,0,0,0,0,0,0,0,2,0,,,,,,,,,,,,,,,,,,
2021-11-10,0,215,1,0.0046511627906976,0,0,0,1,0,0,0,0,0,0,0,0,0,2,0,,,,,,,,,,,,,,,,,,
2021-11-11,1,548,14,0.0255474452554744,1,0,5,4,0,0,0,0,0,0,0,0,0,4,4,,,,,,,,,,,,,,,,,,
2021-11-12,0,206,2,0.0097087378640776,0,0,0,0,0,0,1,0,0,0,0,0,0,2,1,,,,,,,,,,,,,,,,,,
2021-11-13,0,164,1,0.0060975609756097,0,0,0,0,0,0,0,0,0,0,0,0,0,1,1,,,,,,,,,,,,,,,,,,
2021-11-14,1,1053,2,0.0018993352326685,0,0,1,1,0,0,0,0,0,0,0,0,0,1,0,,,,,,,,,,,,,,,,,,
2021-11-15,0,601,14,0.0232945091514143,1,0,1,3,0,0,9,0,0,0,0,0,0,4,0,,,,,,,,,,,,,,,,,,
2021-11-16,0,245,0,0.0,0,0,0,0,0,0,0,0,0,0,0,0,0,4,0,,,,,,,,,,,,,,,,,,
2021-11-17,0,216,0,0.0,0,0,0,0,0,0,0,0,0,0,0,0,0,1,0,,,,,,,,,,,,,,,,,,
2021-11-18,1,775,15,0.0193548387096774,1,0,4,2,0,1,5,0,0,0,0,0,0,6,2,,,,,,,,,,,,,,,,,,
2021-11-19,0,484,4,0.0082644628099173,2,0,1,0,0,0,0,0,0,0,0,0,0,2,1,,,,,,,,,,,,,,,,,,
2021-11-20,0,174,0,0.0,0,0,0,0,0,0,0,0,0,0,0,0,0,0,0,,,,,,,,,,,,,,,,,,
2021-11-21,0,162,0,0.0,0,0,0,0,0,0,0,0,0,0,0,0,0,0,0,,,,,,,,,,,,,,,,,,
2021-11-22,0,193,0,0.0,0,0,0,0,0,0,0,0,0,0,0,0,0,1,0,,,,,,,,,,,,,,,,,,
2021-11-23,0,178,0,0.0,0,0,0,0,0,0,0,0,0,0,0,0,0,0,0,,,,,,,,,,,,,,,,,,
2021-11-24,0,161,0,0.0,0,0,0,0,0,0,0,0,0,0,0,0,0,0,0,,,,,,,,,,,,,,,,,,
2021-11-25,0,117,1,0.0085470085470085,0,0,1,0,0,0,0,0,0,0,0,0,0,1,0,,,,,,,,,,,,,,,,,,
2021-11-26,0,263,3,0.0114068441064638,1,0,1,0,0,0,0,0,0,0,0,0,0,3,1,,,,,,,,,,,,,,,,,,
2021-11-27,0,88,0,0.0,0,0,0,0,0,0,0,0,0,0,0,0,0,1,0,,,,,,,,,,,,,,,,,,
2021-11-28,0,89,0,0.0,0,0,0,0,0,0,0,0,0,0,0,0,0,0,0,,,,,,,,,,,,,,,,,,
2021-11-29,0,121,0,0.0,0,0,0,0,0,0,0,0,0,0,0,0,0,0,0,,,,,,,,,,,,,,,,,,
2021-11-30,0,147,0,0.0,0,0,0,0,0,0,0,0,0,0,0,0,0,0,0,,,,,,,,,,,,,,,,,,
2021-12-01,0,129,0,0.0,0,0,0,0,0,0,0,0,0,0,0,0,0,0,0,,,,,,,,,,,,,,,,,,
2021-12-02,0,118,1,0.0084745762711864,0,0,0,0,1,0,0,0,0,0,0,0,0,1,0,,,,,,,,,,,,,,,,,,
2021-12-03,0,116,0,0.0,0,0,0,0,0,0,0,0,0,0,0,0,0,0,0,,,,,,,,,,,,,,,,,,
2021-12-04,0,102,1,0.0098039215686274,0,0,0,0,0,0,1,0,0,0,0,0,0,0,0,,,,,,,,,,,,,,,,,,
2021-12-05,0,54,0,0.0,0,0,0,0,0,0,0,0,0,0,0,0,0,0,0,,,,,,,,,,,,,,,,,,
2021-12-06,0,97,0,0.0,0,0,0,0,0,0,0,0,0,0,0,0,0,1,0,,,,,,,,,,,,,,,,,,
2021-12-07,0,138,0,0.0,0,0,0,0,0,0,0,0,0,0,0,0,0,0,0,,,,,,,,,,,,,,,,,,
2021-12-08,0,81,0,0.0,0,0,0,0,0,0,0,0,0,0,0,0,0,1,0,,,,,,,,,,,,,,,,,,
2021-12-09,0,69,0,0.0,0,0,0,0,0,0,0,0,0,0,0,0,0,0,0,,,,,,,,,,,,,,,,,,
2021-12-10,0,96,0,0.0,0,0,0,0,0,0,0,0,0,0,0,0,0,1,0,,,,,,,,,,,,,,,,,,
2021-12-11,0,78,0,0.0,0,0,0,0,0,0,0,0,0,0,0,0,0,1,0,,,,,,,,,,,,,,,,,,
2021-12-12,0,58,0,0.0,0,0,0,0,0,0,0,0,0,0,0,0,0,0,0,,,,,,,,,,,,,,,,,,
2021-12-13,0,119,0,0.0,0,0,0,0,0,0,0,0,0,0,0,0,0,1,0,,,,,,,,,,,,,,,,,,
2021-12-14,0,76,0,0.0,0,0,0,0,0,0,0,0,0,0,0,0,0,0,0,,,,,,,,,,,,,,,,,,
2021-12-15,0,86,0,0.0,0,0,0,0,0,0,0,0,0,0,0,0,0,1,0,,,,,,,,,,,,,,,,,,
2021-12-16,0,104,0,0.0,0,0,0,0,0,0,0,0,0,0,0,0,0,0,0,,,,,,,,,,,,,,,,,,
2021-12-17,0,122,0,0.0,0,0,0,0,0,0,0,0,0,0,0,0,0,0,0,,,,,,,,,,,,,,,,,,
2021-12-18,0,70,2,0.0285714285714285,0,0,0,2,0,0,0,0,0,0,0,0,0,0,0,,,,,,,,,,,,,,,,,,
2021-12-19,0,50,0,0.0,0,0,0,0,0,0,0,0,0,0,0,0,0,0,0,,,,,,,,,,,,,,,,,,
2021-12-20,2,4138,39,0.0094248429192846,3,1,19,2,4,0,8,0,0,0,0,0,0,4,2,,,,,,,,,,,,,,,,,,
2021-12-21,1,2763,19,0.0068765834238146,1,0,10,3,0,0,5,0,0,0,0,0,0,0,0,,,,,,,,,,,,,,,,,,
2021-12-22,2,2648,49,0.0185045317220543,3,1,26,2,2,0,12,0,0,0,0,0,0,3,3,,,,,,,,,,,,,,,,,,
2021-12-23,0,640,10,0.015625,1,0,4,2,2,0,1,0,0,0,0,0,0,0,0,,,,,,,,,,,,,,,,,,
2021-12-24,0,134,2,0.0149253731343283,0,0,2,0,0,0,0,0,0,0,0,0,0,0,0,,,,,,,,,,,,,,,,,,
2021-12-25,0,90,0,0.0,0,0,0,0,0,0,0,0,0,0,0,0,0,0,0,,,,,,,,,,,,,,,,,,
2021-12-26,0,50,0,0.0,0,0,0,0,0,0,0,0,0,0,0,0,0,0,0,,,,,,,,,,,,,,,,,,
2021-12-27,0,88,0,0.0,0,0,0,0,0,0,0,0,0,0,0,0,0,0,0,,,,,,,,,,,,,,,,,,
2021-12-28,0,56,0,0.0,0,0,0,0,0,0,0,0,0,0,0,0,0,0,0,,,,,,,,,,,,,,,,,,
2021-12-29,0,80,0,0.0,0,0,0,0,0,0,0,0,0,0,0,0,0,0,0,,,,,,,,,,,,,,,,,,
2021-12-30,0,81,0,0.0,0,0,0,0,0,0,0,0,0,0,0,0,0,1,0,,,,,,,,,,,,,,,,,,
2021-12-31,0,95,1,0.0105263157894736,0,0,0,1,0,0,0,0,0,0,0,0,0,1,0,,,,,,,,,,,,,,,,,,
2022-01-01,1,1477,39,0.0264048747461069,3,0,17,8,0,1,6,0,0,0,0,0,0,3,4,,,,,,,,,,,,,,,,,,
2022-01-02,0,1495,17,0.0113712374581939,1,0,7,8,0,1,0,0,0,0,0,0,0,0,0,,,,,,,,,,,,,,,,,,
2022-01-03,0,334,4,0.0119760479041916,0,0,0,0,1,0,3,0,0,0,0,0,0,2,0,,,,,,,,,,,,,,,,,,
2022-01-04,0,693,20,0.0288600288600288,1,0,4,4,6,0,5,0,0,0,0,0,0,0,0,,,,,,,,,,,,,,,,,,
2022-01-05,0,235,0,0.0,0,0,0,0,0,0,0,0,0,0,0,0,0,2,0,,,,,,,,,,,,,,,,,,
2022-01-06,0,147,5,0.0340136054421768,0,0,1,1,0,0,3,0,0,0,0,0,0,2,0,,,,,,,,,,,,,,,,,,
2022-01-07,1,120,3,0.025,0,0,1,2,0,0,0,0,0,0,0,0,0,1,0,,,,,,,,,,,,,,,,,,
2022-01-08,0,76,0,0.0,0,0,0,0,0,0,0,0,0,0,0,0,0,0,0,,,,,,,,,,,,,,,,,,
2022-01-09,0,119,0,0.0,0,0,0,0,0,0,0,0,0,0,0,0,0,0,0,,,,,,,,,,,,,,,,,,
2022-01-10,0,131,0,0.0,0,0,0,0,0,0,0,0,0,0,0,0,0,1,0,,,,,,,,,,,,,,,,,,
2022-01-11,0,99,1,0.0101010101010101,0,0,1,0,0,0,0,0,0,0,0,0,0,2,0,,,,,,,,,,,,,,,,,,
2022-01-12,0,92,1,0.0108695652173913,0,0,0,1,0,0,0,0,0,0,0,0,0,0,0,,,,,,,,,,,,,,,,,,
2022-01-13,0,77,0,0.0,0,0,0,0,0,0,0,0,0,0,0,0,0,1,0,,,,,,,,,,,,,,,,,,
2022-01-14,0,96,2,0.0208333333333333,0,0,0,0,1,0,1,0,0,0,0,0,0,0,0,,,,,,,,,,,,,,,,,,
2022-01-15,0,70,0,0.0,0,0,0,0,0,0,0,0,0,0,0,0,0,0,0,,,,,,,,,,,,,,,,,,
2022-01-16,0,68,3,0.0441176470588235,0,0,0,0,0,0,1,0,0,0,0,0,0,1,2,,,,,,,,,,,,,,,,,,
2022-01-17,0,98,0,0.0,0,0,0,0,0,0,0,0,0,0,0,0,0,2,0,,,,,,,,,,,,,,,,,,
2022-01-18,0,94,5,0.0531914893617021,0,0,1,1,0,0,3,0,0,0,0,0,0,0,0,,,,,,,,,,,,,,,,,,
2022-01-19,2,2823,109,0.0386114063053489,12,1,27,16,11,0,38,0,0,0,0,0,0,4,4,,,,,,,,,,,,,,,,,,
2022-01-20,0,3124,45,0.014404609475032,8,0,11,7,5,1,12,0,0,0,0,0,0,2,1,,,,,,,,,,,,,,,,,,
2022-01-21,1,381,12,0.0314960629921259,2,0,2,2,3,0,2,0,0,0,0,0,0,2,1,,,,,,,,,,,,,,,,,,
2022-01-22,0,149,0,0.0,0,0,0,0,0,0,0,0,0,0,0,0,0,0,0,,,,,,,,,,,,,,,,,,
2022-01-23,0,139,3,0.0215827338129496,0,0,0,1,1,0,1,0,0,0,0,0,0,0,0,,,,,,,,,,,,,,,,,,
2022-01-24,0,150,5,0.0333333333333333,0,0,0,2,1,0,2,0,0,0,0,0,0,0,0,,,,,,,,,,,,,,,,,,
2022-01-25,1,2082,83,0.0398655139289145,1,2,29,2,2,0,40,0,0,0,0,0,0,7,7,,,,,,,,,,,,,,,,,,
2022-01-26,0,412,12,0.029126213592233,0,0,2,0,0,1,6,0,0,0,0,0,0,3,3,,,,,,,,,,,,,,,,,,
2022-01-27,0,133,3,0.0225563909774436,0,0,2,0,0,0,1,0,0,0,0,0,0,0,0,,,,,,,,,,,,,,,,,,
2022-01-28,0,391,13,0.0332480818414322,0,0,2,2,2,0,3,0,0,0,0,0,0,4,4,,,,,,,,,,,,,,,,,,
2022-01-29,0,125,0,0.0,0,0,0,0,0,0,0,0,0,0,0,0,0,0,0,,,,,,,,,,,,,,,,,,
2022-01-30,0,119,0,0.0,0,0,0,0,0,0,0,0,0,0,0,0,0,0,0,,,,,,,,,,,,,,,,,,
2022-01-31,0,108,4,0.037037037037037,0,0,1,2,0,0,1,0,0,0,0,0,0,0,0,,,,,,,,,,,,,,,,,,
2022-02-01,3,3613,62,0.0171602546360365,8,1,19,7,8,0,19,0,0,0,0,0,0,0,0,,,,,,,,,,,,,,,,,,
2022-02-02,0,679,9,0.0132547864506627,3,0,1,4,1,0,0,0,0,0,0,0,0,0,0,,,,,,,,,,,,,,,,,,
2022-02-03,0,139,8,0.0575539568345323,0,0,1,1,1,0,5,0,0,0,0,0,0,0,0,,,,,,,,,,,,,,,,,,
2022-02-04,0,103,0,0.0,0,0,0,0,0,0,0,0,0,0,0,0,0,0,0,,,,,,,,,,,,,,,,,,
2022-02-05,0,111,1,0.009009009009009,0,0,0,0,1,0,0,0,0,0,0,0,0,0,0,,,,,,,,,,,,,,,,,,
2022-02-06,0,80,0,0.0,0,0,0,0,0,0,0,0,0,0,0,0,0,1,0,,,,,,,,,,,,,,,,,,
2022-02-07,0,170,2,0.0117647058823529,0,0,0,0,0,0,1,0,0,0,0,0,0,6,1,,,,,,,,,,,,,,,,,,
2022-02-08,0,76,0,0.0,0,0,0,0,0,0,0,0,0,0,0,0,0,0,0,,,,,,,,,,,,,,,,,,
2022-02-09,2,855,21,0.0245614035087719,2,1,4,8,0,0,5,0,0,0,0,0,0,6,1,,,,,,,,,,,,,,,,,,
2022-02-10,0,318,11,0.0345911949685534,0,0,4,4,0,1,2,0,0,0,0,0,0,0,0,,,,,,,,,,,,,,,,,,
2022-02-11,0,230,2,0.008695652173913,1,0,1,0,0,0,0,0,0,0,0,0,0,0,0,,,,,,,,,,,,,,,,,,
2022-02-12,0,152,0,0.0,0,0,0,0,0,0,0,0,0,0,0,0,0,0,0,,,,,,,,,,,,,,,,,,
2022-02-13,0,79,1,0.0126582278481012,0,0,0,1,0,0,0,0,0,0,0,0,0,0,0,,,,,,,,,,,,,,,,,,
2022-02-14,0,123,1,0.008130081300813,0,0,0,0,1,0,0,0,0,0,0,0,0,1,0,,,,,,,,,,,,,,,,,,
2022-02-15,0,66,2,0.0303030303030303,0,0,2,0,0,0,0,0,0,0,0,0,0,0,0,,,,,,,,,,,,,,,,,,
2022-02-16,0,72,0,0.0,0,0,0,0,0,0,0,0,0,0,0,0,0,0,0,,,,,,,,,,,,,,,,,,
2022-02-17,0,71,0,0.0,0,0,0,0,0,0,0,0,0,0,0,0,0,0,0,,,,,,,,,,,,,,,,,,
2022-02-18,0,120,1,0.0083333333333333,0,0,0,1,0,0,0,0,0,0,0,0,0,1,0,,,,,,,,,,,,,,,,,,
2022-02-19,0,100,0,0.0,0,0,0,0,0,0,0,0,0,0,0,0,0,0,0,,,,,,,,,,,,,,,,,,
2022-02-20,0,47,0,0.0,0,0,0,0,0,0,0,0,0,0,0,0,0,0,0,,,,,,,,,,,,,,,,,,
2022-02-21,0,48,0,0.0,0,0,0,0,0,0,0,0,0,0,0,0,0,0,0,,,,,,,,,,,,,,,,,,
2022-02-22,0,61,0,0.0,0,0,0,0,0,0,0,0,0,0,0,0,0,0,0,,,,,,,,,,,,,,,,,,
2022-02-23,2,752,31,0.0412234042553191,5,2,13,1,5,1,4,0,0,0,0,0,0,1,0,,,,,,,,,,,,,,,,,,
2022-02-24,0,466,26,0.055793991416309,3,0,4,15,1,0,3,0,0,0,0,0,0,0,0,,,,,,,,,,,,,,,,,,
2022-02-25,0,147,5,0.0340136054421768,0,0,0,3,2,0,0,0,0,0,0,0,0,0,0,,,,,,,,,,,,,,,,,,
2022-02-26,0,102,2,0.0196078431372549,0,0,0,2,0,0,0,0,0,0,0,0,0,0,0,,,,,,,,,,,,,,,,,,
2022-02-27,0,109,0,0.0,0,0,0,0,0,0,0,0,0,0,0,0,0,1,0,,,,,,,,,,,,,,,,,,
2022-02-28,0,91,1,0.0109890109890109,0,0,1,0,0,0,0,0,0,0,0,0,0,0,0,,,,,,,,,,,,,,,,,,
2022-03-01,0,102,0,0.0,0,0,0,0,0,0,0,0,0,0,0,0,0,1,0,,,,,,,,,,,,,,,,,,
2022-03-02,1,1552,25,0.0161082474226804,7,0,8,0,2,0,8,0,0,0,0,0,0,0,0,,,,,,,,,,,,,,,,,,
2022-03-03,0,974,14,0.0143737166324435,2,0,2,8,1,0,1,0,0,0,0,0,0,1,0,,,,,,,,,,,,,,,,,,
2022-03-04,0,212,0,0.0,0,0,0,0,0,0,0,0,0,0,0,0,0,0,0,,,,,,,,,,,,,,,,,,
2022-03-05,0,167,1,0.0059880239520958,0,0,0,0,0,0,0,0,0,0,0,0,0,1,1,,,,,,,,,,,,,,,,,,
2022-03-06,0,263,0,0.0,0,0,0,0,0,0,0,0,0,0,0,0,0,0,0,,,,,,,,,,,,,,,,,,
2022-03-07,1,2648,42,0.0158610271903323,16,0,9,3,3,0,7,0,0,0,0,0,0,4,4,,,,,,,,,,,,,,,,,,
2022-03-08,1,1109,19,0.0171325518485121,1,0,8,6,0,0,3,0,0,0,0,0,0,1,1,,,,,,,,,,,,,,,,,,
2022-03-09,2,2466,50,0.0202757502027575,5,1,11,5,11,0,15,0,0,0,0,0,0,2,2,,,,,,,,,,,,,,,,,,
2022-03-10,1,2991,27,0.0090270812437311,5,0,8,0,6,0,8,0,0,0,0,0,0,0,0,,,,,,,,,,,,,,,,,,
2022-03-11,0,834,21,0.0251798561151079,7,0,5,1,2,0,5,0,0,0,0,0,0,2,1,,,,,,,,,,,,,,,,,,
2022-03-12,0,133,0,0.0,0,0,0,0,0,0,0,0,0,0,0,0,0,0,0,,,,,,,,,,,,,,,,,,
2022-03-13,0,133,1,0.0075187969924812,0,0,1,0,0,0,0,0,0,0,0,0,0,1,0,,,,,,,,,,,,,,,,,,
2022-03-14,1,389,7,0.0179948586118251,1,0,3,0,0,0,3,0,0,0,0,0,0,0,0,,,,,,,,,,,,,,,,,,
2022-03-15,0,476,20,0.042016806722689,3,0,5,2,2,0,8,0,0,0,0,0,0,7,0,,,,,,,,,,,,,,,,,,
2022-03-16,1,943,19,0.0201484623541887,5,0,6,4,0,0,4,0,0,0,0,0,0,0,0,,,,,,,,,,,,,,,,,,
2022-03-17,1,1285,18,0.0140077821011673,1,0,3,4,1,0,8,0,0,0,0,0,0,1,1,,,,,,,,,,,,,,,,,,
2022-03-18,1,2977,37,0.0124286194155189,3,0,12,6,4,2,10,0,0,0,0,0,0,0,0,,,,,,,,,,,,,,,,,,
2022-03-19,0,413,6,0.0145278450363196,1,0,2,2,0,1,0,0,0,0,0,0,0,0,0,,,,,,,,,,,,,,,,,,
2022-03-20,0,264,3,0.0113636363636363,0,0,0,2,0,0,1,0,0,0,0,0,0,0,0,,,,,,,,,,,,,,,,,,
2022-03-21,2,1143,30,0.0262467191601049,7,1,10,3,7,0,1,0,0,0,0,0,0,1,1,,,,,,,,,,,,,,,,,,
2022-03-22,1,737,30,0.0407055630936228,6,1,8,5,3,0,7,0,0,0,0,0,0,0,0,,,,,,,,,,,,,,,,,,
2022-03-23,3,1658,43,0.0259348612786489,7,2,11,5,2,2,13,0,0,0,0,0,0,1,1,,,,,,,,,,,,,,,,,,
2022-03-24,1,524,11,0.0209923664122137,0,0,3,2,3,0,2,0,0,0,0,0,0,2,1,,,,,,,,,,,,,,,,,,
2022-03-25,0,198,7,0.0353535353535353,0,0,0,3,0,4,0,0,0,0,0,0,0,0,0,,,,,,,,,,,,,,,,,,
2022-03-26,0,112,2,0.0178571428571428,0,0,0,1,0,0,1,0,0,0,0,0,0,0,0,,,,,,,,,,,,,,,,,,
2022-03-27,0,188,0,0.0,0,0,0,0,0,0,0,0,0,0,0,0,0,0,0,,,,,,,,,,,,,,,,,,
2022-03-28,1,556,14,0.0251798561151079,0,0,8,1,2,0,3,0,0,0,0,0,0,0,0,,,,,,,,,,,,,,,,,,
2022-03-29,1,626,30,0.047923322683706,0,0,8,6,8,0,6,0,0,0,0,0,0,2,2,,,,,,,,,,,,,,,,,,
2022-03-30,2,5141,116,0.0225637035596187,17,1,37,5,32,1,22,0,0,0,0,0,0,1,1,,,,,,,,,,,,,,,,,,
2022-03-31,4,3471,55,0.0158455776433304,12,1,20,2,7,1,11,0,0,0,0,0,0,1,1,,,,,,,,,,,,,,,,,,
2022-04-01,1,821,20,0.0243605359317904,0,0,3,7,6,0,2,0,0,0,0,0,0,2,2,,,,,,,,,,,,,,,,,,
2022-04-02,0,259,5,0.0193050193050193,1,0,1,2,0,0,1,0,0,0,0,0,0,0,0,,,,,,,,,,,,,,,,,,
2022-04-03,0,241,2,0.0082987551867219,0,0,0,0,0,0,2,0,0,0,0,0,0,0,0,,,,,,,,,,,,,,,,,,
2022-04-04,5,984,34,0.0345528455284552,2,2,13,3,7,0,5,0,0,0,0,0,0,3,2,,,,,,,,,,,,,,,,,,
2022-04-05,1,707,33,0.0466760961810466,5,0,7,3,4,3,11,0,0,0,0,0,0,1,0,,,,,,,,,,,,,,,,,,
2022-04-06,2,1062,27,0.0254237288135593,6,0,13,0,2,0,6,0,0,0,0,0,0,0,0,,,,,,,,,,,,,,,,,,
2022-04-07,2,2065,37,0.0179176755447941,5,0,11,3,7,2,6,0,0,0,0,0,0,3,3,,,,,,,,,,,,,,,,,,
2022-04-08,0,796,8,0.0100502512562814,0,0,3,1,4,0,0,0,0,0,0,0,0,1,0,,,,,,,,,,,,,,,,,,
2022-04-09,1,263,4,0.0152091254752851,0,0,1,3,0,0,0,0,0,0,0,0,0,0,0,,,,,,,,,,,,,,,,,,
2022-04-10,0,273,8,0.0293040293040293,0,0,2,1,0,0,2,0,0,0,0,0,0,5,3,,,,,,,,,,,,,,,,,,
2022-04-11,3,1607,29,0.0180460485376477,4,0,12,0,6,0,6,0,0,0,0,0,0,1,1,,,,,,,,,,,,,,,,,,
2022-04-12,3,2446,56,0.0228945216680294,5,2,17,10,5,2,12,0,0,0,0,0,0,3,3,,,,,,,,,,,,,,,,,,
2022-04-13,4,1592,30,0.0188442211055276,4,0,14,2,0,0,10,0,0,0,0,0,0,0,0,,,,,,,,,,,,,,,,,,
2022-04-14,6,1517,37,0.024390243902439,3,0,16,1,9,0,5,0,0,0,0,0,0,44,3,,,,,,,,,,,,,,,,,,
2022-04-15,0,372,15,0.0403225806451612,0,1,0,2,5,0,1,0,0,0,0,0,0,7,6,,,,,,,,,,,,,,,,,,
2022-04-16,0,257,4,0.0155642023346303,0,0,1,0,3,0,0,0,0,0,0,0,0,2,0,,,,,,,,,,,,,,,,,,
2022-04-17,0,148,3,0.0202702702702702,0,0,1,2,0,0,0,0,0,0,0,0,0,0,0,,,,,,,,,,,,,,,,,,
2022-04-18,0,469,7,0.0149253731343283,0,0,0,3,1,0,3,0,0,0,0,0,0,0,0,,,,,,,,,,,,,,,,,,
2022-04-19,4,3310,107,0.0323262839879154,17,0,30,2,27,0,18,0,0,0,0,0,0,13,13,,,,,,,,,,,,,,,,,,
2022-04-20,4,5646,115,0.0203684024087849,14,5,24,6,8,0,41,0,0,0,0,0,0,21,17,,,,,,,,,,,,,,,,,,
2022-04-21,4,3673,82,0.0223250748706779,13,0,23,8,2,3,24,0,0,0,0,0,0,9,9,,,,,,,,,,,,,,,,,,
2022-04-22,3,1908,48,0.0251572327044025,4,0,13,11,6,0,8,0,0,0,0,0,0,7,6,,,,,,,,,,,,,,,,,,
2022-04-23,1,577,26,0.0450606585788561,2,1,9,0,5,1,3,0,0,0,0,0,0,6,5,,,,,,,,,,,,,,,,,,
2022-04-24,0,343,1,0.0029154518950437,1,0,0,0,0,0,0,0,0,0,0,0,0,0,0,,,,,,,,,,,,,,,,,,
2022-04-25,8,4912,129,0.0262622149837133,10,1,33,19,23,6,25,0,0,0,0,0,0,13,12,,,,,,,,,,,,,,,,,,
2022-04-26,6,3124,87,0.0278489116517285,11,2,24,20,5,9,13,0,0,0,0,0,0,3,3,,,,,,,,,,,,,,,,,,
2022-04-27,8,2953,80,0.0270910938029122,10,5,23,16,9,6,10,0,0,0,0,0,0,1,1,,,,,,,,,,,,,,,,,,
2022-04-28,6,3726,52,0.0139559849704777,5,5,18,4,1,4,12,0,0,0,0,0,0,5,3,,,,,,,,,,,,,,,,,,
2022-04-29,0,798,14,0.0175438596491228,1,0,3,2,0,0,5,0,0,0,0,0,0,6,3,,,,,,,,,,,,,,,,,,
2022-04-30,0,268,0,0.0,0,0,0,0,0,0,0,0,0,0,0,0,0,2,0,,,,,,,,,,,,,,,,,,
2022-05-01,0,159,0,0.0,0,0,0,0,0,0,0,0,0,0,0,0,0,0,0,,,,,,,,,,,,,,,,,,
2022-05-02,0,207,3,0.0144927536231884,0,0,0,1,0,1,1,0,0,0,0,0,0,0,0,,,,,,,,,,,,,,,,,,
2022-05-03,0,262,0,0.0,0,0,0,0,0,0,0,0,0,0,0,0,0,0,0,,,,,,,,,,,,,,,,,,
2022-05-04,0,282,4,0.0141843971631205,0,0,1,0,0,0,0,0,0,0,0,0,0,3,3,,,,,,,,,,,,,,,,,,
2022-05-05,0,339,1,0.0029498525073746,0,0,1,0,0,0,0,0,0,0,0,0,0,1,0,,,,,,,,,,,,,,,,,,
2022-05-06,0,173,1,0.0057803468208092,0,0,0,0,0,0,1,0,0,0,0,0,0,0,0,,,,,,,,,,,,,,,,,,
2022-05-07,0,77,0,0.0,0,0,0,0,0,0,0,0,0,0,0,0,0,0,0,,,,,,,,,,,,,,,,,,
2022-05-08,0,163,2,0.0122699386503067,0,0,2,0,0,0,0,0,0,0,0,0,0,0,0,,,,,,,,,,,,,,,,,,
2022-05-09,1,765,9,0.0117647058823529,3,1,5,0,0,0,0,0,0,0,0,0,0,6,0,,,,,,,,,,,,,,,,,,
2022-05-10,0,300,1,0.0033333333333333,0,0,0,0,0,0,1,0,0,0,0,0,0,6,0,,,,,,,,,,,,,,,,,,
2022-05-11,1,385,6,0.0155844155844155,1,0,2,0,1,0,2,0,0,0,0,0,0,0,0,,,,,,,,,,,,,,,,,,
2022-05-12,0,198,0,0.0,0,0,0,0,0,0,0,0,0,0,0,0,0,1,0,,,,,,,,,,,,,,,,,,
2022-05-13,1,606,14,0.0231023102310231,0,1,3,3,0,0,6,0,0,0,0,0,0,1,1,,,,,,,,,,,,,,,,,,
2022-05-14,0,141,3,0.0212765957446808,0,0,0,1,0,0,2,0,0,0,0,0,0,0,0,,,,,,,,,,,,,,,,,,
2022-05-15,0,137,0,0.0,0,0,0,0,0,0,0,0,0,0,0,0,0,0,0,,,,,,,,,,,,,,,,,,
2022-05-16,0,126,1,0.0079365079365079,0,0,1,0,0,0,0,0,0,0,0,0,0,0,0,,,,,,,,,,,,,,,,,,
2022-05-17,1,379,8,0.021108179419525,0,0,2,2,1,0,2,0,0,0,0,0,0,4,1,,,,,,,,,,,,,,,,,,
2022-05-18,0,202,1,0.0049504950495049,0,0,0,0,0,0,1,0,0,0,0,0,0,0,0,,,,,,,,,,,,,,,,,,
2022-05-19,0,135,0,0.0,0,0,0,0,0,0,0,0,0,0,0,0,0,0,0,,,,,,,,,,,,,,,,,,
2022-05-20,0,93,2,0.021505376344086,0,0,0,2,0,0,0,0,0,0,0,0,0,1,0,,,,,,,,,,,,,,,,,,
2022-05-21,0,78,0,0.0,0,0,0,0,0,0,0,0,0,0,0,0,0,0,0,,,,,,,,,,,,,,,,,,
2022-05-22,0,117,1,0.0085470085470085,0,0,0,0,0,0,1,0,0,0,0,0,0,0,0,,,,,,,,,,,,,,,,,,
2022-05-23,0,116,0,0.0,0,0,0,0,0,0,0,0,0,0,0,0,0,0,0,,,,,,,,,,,,,,,,,,
2022-05-24,0,115,0,0.0,0,0,0,0,0,0,0,0,0,0,0,0,0,0,0,,,,,,,,,,,,,,,,,,
2022-05-25,0,183,4,0.0218579234972677,0,0,1,1,0,1,1,0,0,0,0,0,0,0,0,,,,,,,,,,,,,,,,,,
2022-05-26,1,456,17,0.0372807017543859,2,0,10,0,0,4,1,0,0,0,0,0,0,1,0,,,,,,,,,,,,,,,,,,
2022-05-27,1,795,14,0.0176100628930817,1,0,7,1,3,1,1,0,0,0,0,0,0,0,0,,,,,,,,,,,,,,,,,,
2022-05-28,0,127,3,0.0236220472440944,0,0,1,2,0,0,0,0,0,0,0,0,0,0,0,,,,,,,,,,,,,,,,,,
2022-05-29,0,51,0,0.0,0,0,0,0,0,0,0,0,0,0,0,0,0,0,0,,,,,,,,,,,,,,,,,,
2022-05-30,1,390,6,0.0153846153846153,0,0,1,1,3,0,0,0,0,0,0,0,0,2,1,,,,,,,,,,,,,,,,,,
2022-05-31,0,237,4,0.0168776371308016,1,0,2,0,1,0,0,0,0,0,0,0,0,3,0,,,,,,,,,,,,,,,,,,
2022-06-01,0,228,5,0.0219298245614035,2,0,2,0,1,0,0,0,0,0,0,0,0,0,0,,,,,,,,,,,,,,,,,,
2022-06-02,0,80,0,0.0,0,0,0,0,0,0,0,0,0,0,0,0,0,0,0,,,,,,,,,,,,,,,,,,
2022-06-03,0,96,0,0.0,0,0,0,0,0,0,0,0,0,0,0,0,0,0,0,,,,,,,,,,,,,,,,,,
2022-06-04,0,73,0,0.0,0,0,0,0,0,0,0,0,0,0,0,0,0,1,0,,,,,,,,,,,,,,,,,,
2022-06-05,0,121,0,0.0,0,0,0,0,0,0,0,0,0,0,0,0,0,0,0,,,,,,,,,,,,,,,,,,
2022-06-06,0,92,5,0.0543478260869565,0,0,0,2,3,0,0,0,0,0,0,0,0,1,0,,,,,,,,,,,,,,,,,,
2022-06-07,1,3644,41,0.011251372118551,6,0,8,4,10,0,12,0,0,0,0,0,0,4,1,,,,,,,,,,,,,,,,,,
2022-06-08,0,1204,15,0.0124584717607973,3,0,5,1,1,1,4,0,0,0,0,0,0,0,0,,,,,,,,,,,,,,,,,,
2022-06-09,0,470,2,0.0042553191489361,0,0,0,0,2,0,0,0,0,0,0,0,0,0,0,,,,,,,,,,,,,,,,,,
2022-06-10,1,1500,24,0.016,0,0,5,4,4,1,9,0,0,0,0,0,0,1,1,,,,,,,,,,,,,,,,,,
2022-06-11,0,340,1,0.0029411764705882,0,0,1,0,0,0,0,0,0,0,0,0,0,0,0,,,,,,,,,,,,,,,,,,
2022-06-12,0,85,1,0.0117647058823529,0,0,0,0,1,0,0,0,0,0,0,0,0,1,0,,,,,,,,,,,,,,,,,,
2022-06-13,2,598,15,0.0250836120401337,3,1,6,3,0,0,1,0,0,0,0,0,0,1,1,,,,,,,,,,,,,,,,,,
2022-06-14,0,220,1,0.0045454545454545,0,0,0,0,0,0,1,0,0,0,0,0,0,1,0,,,,,,,,,,,,,,,,,,
2022-06-15,0,187,5,0.0267379679144385,0,0,0,0,2,0,1,0,0,0,0,0,0,3,2,,,,,,,,,,,,,,,,,,
2022-06-16,1,462,8,0.0173160173160173,2,0,2,0,4,0,0,0,0,0,0,0,0,0,0,,,,,,,,,,,,,,,,,,
2022-06-17,0,155,5,0.032258064516129,1,0,1,1,2,0,0,0,0,0,0,0,0,0,0,,,,,,,,,,,,,,,,,,
2022-06-18,0,68,0,0.0,0,0,0,0,0,0,0,0,0,0,0,0,0,0,0,,,,,,,,,,,,,,,,,,
2022-06-19,0,47,0,0.0,0,0,0,0,0,0,0,0,0,0,0,0,0,0,0,,,,,,,,,,,,,,,,,,
2022-06-20,0,123,0,0.0,0,0,0,0,0,0,0,0,0,0,0,0,0,3,0,,,,,,,,,,,,,,,,,,
2022-06-21,1,458,7,0.0152838427947598,1,0,0,0,3,1,2,0,0,0,0,0,0,1,0,,,,,,,,,,,,,,,,,,
2022-06-22,0,140,2,0.0142857142857142,0,0,0,0,2,0,0,0,0,0,0,0,0,0,0,,,,,,,,,,,,,,,,,,
2022-06-23,0,69,0,0.0,0,0,0,0,0,0,0,0,0,0,0,0,0,1,0,,,,,,,,,,,,,,,,,,
2022-06-24,0,45,0,0.0,0,0,0,0,0,0,0,0,0,0,0,0,0,0,0,,,,,,,,,,,,,,,,,,
2022-06-25,0,29,1,0.0344827586206896,0,0,0,0,0,0,1,0,0,0,0,0,0,0,0,,,,,,,,,,,,,,,,,,
2022-06-26,0,25,0,0.0,0,0,0,0,0,0,0,0,0,0,0,0,0,0,0,,,,,,,,,,,,,,,,,,
2022-06-27,1,482,2,0.0041493775933609,0,0,1,0,0,0,1,0,0,0,0,0,0,0,0,,,,,,,,,,,,,,,,,,
2022-06-28,0,304,13,0.0427631578947368,2,0,4,3,2,0,2,0,0,0,0,0,0,1,0,,,,,,,,,,,,,,,,,,
2022-06-29,2,1616,7,0.0043316831683168,1,0,2,1,0,0,1,0,0,0,0,0,0,148,2,,,,,,,,,,,,,,,,,,
2022-06-30,0,585,4,0.0068376068376068,0,0,1,0,1,0,1,0,0,0,0,0,0,27,1,,,,,,,,,,,,,,,,,,
2022-07-01,0,60,1,0.0166666666666666,0,0,0,0,0,0,1,0,0,0,0,0,0,6,0,,,,,,,,,,,,,,,,,,
2022-07-02,0,36,0,0.0,0,0,0,0,0,0,0,0,0,0,0,0,0,1,0,,,,,,,,,,,,,,,,,,
2022-07-03,0,40,1,0.025,0,0,0,1,0,0,0,0,0,0,0,0,0,3,0,,,,,,,,,,,,,,,,,,
2022-07-04,1,324,12,0.037037037037037,1,0,2,2,4,0,0,0,0,0,0,0,0,4,3,,,,,,,,,,,,,,,,,,
2022-07-05,0,328,10,0.0304878048780487,0,0,2,0,2,0,3,0,0,0,0,0,0,3,3,,,,,,,,,,,,,,,,,,
2022-07-06,1,459,12,0.0261437908496732,2,0,2,2,0,0,1,0,0,0,0,0,0,5,5,,,,,,,,,,,,,,,,,,
2022-07-07,1,299,4,0.0133779264214046,0,0,3,0,0,0,1,0,0,0,0,0,0,1,0,,,,,,,,,,,,,,,,,,
2022-07-08,0,59,0,0.0,0,0,0,0,0,0,0,0,0,0,0,0,0,0,0,,,,,,,,,,,,,,,,,,
2022-07-09,0,15,0,0.0,0,0,0,0,0,0,0,0,0,0,0,0,0,0,0,,,,,,,,,,,,,,,,,,
2022-07-10,0,39,2,0.0512820512820512,0,0,0,1,1,0,0,0,0,0,0,0,0,1,0,,,,,,,,,,,,,,,,,,
2022-07-11,1,368,11,0.029891304347826,0,0,5,0,2,0,4,0,0,0,0,0,0,0,0,,,,,,,,,,,,,,,,,,
2022-07-12,0,134,2,0.0149253731343283,0,0,0,2,0,0,0,0,0,0,0,0,0,1,0,,,,,,,,,,,,,,,,,,
2022-07-13,0,59,0,0.0,0,0,0,0,0,0,0,0,0,0,0,0,0,1,0,,,,,,,,,,,,,,,,,,
2022-07-14,1,252,8,0.0317460317460317,0,0,0,1,2,0,0,0,0,0,0,0,0,5,5,,,,,,,,,,,,,,,,,,
2022-07-15,0,415,14,0.0337349397590361,1,0,2,1,6,0,2,0,0,0,0,0,0,1,2,,,,,,,,,,,,,,,,,,
2022-07-16,0,44,0,0.0,0,0,0,0,0,0,0,0,0,0,0,0,0,1,0,,,,,,,,,,,,,,,,,,
2022-07-17,0,16,0,0.0,0,0,0,0,0,0,0,0,0,0,0,0,0,0,0,,,,,,,,,,,,,,,,,,
2022-07-18,8,69,9,0.1304347826086956,0,0,3,0,1,0,5,0,0,0,0,0,0,1,0,,,,,,,,,,,,,,,,,,
2022-07-19,2,968,13,0.0134297520661157,0,0,3,0,4,0,2,0,0,0,0,0,0,4,4,,,,,,,,,,,,,,,,,,
2022-07-20,1,1246,14,0.0112359550561797,3,0,6,1,0,1,2,0,0,0,0,0,0,1,1,,,,,,,,,,,,,,,,,,
2022-07-21,1,1030,13,0.0126213592233009,6,0,4,1,1,0,1,0,0,0,0,0,0,0,0,,,,,,,,,,,,,,,,,,
2022-07-22,0,116,1,0.0086206896551724,0,0,0,0,0,0,0,0,0,0,0,0,0,2,1,,,,,,,,,,,,,,,,,,
2022-07-23,0,59,2,0.0338983050847457,0,0,1,1,0,0,0,0,0,0,0,0,0,0,0,,,,,,,,,,,,,,,,,,
2022-07-24,0,58,0,0.0,0,0,0,0,0,0,0,0,0,0,0,0,0,1,0,,,,,,,,,,,,,,,,,,
2022-07-25,0,164,4,0.024390243902439,0,0,3,0,0,0,1,0,0,0,0,0,0,0,0,,,,,,,,,,,,,,,,,,
2022-07-26,1,511,12,0.0234833659491193,2,0,3,1,3,0,2,0,0,0,0,0,0,1,1,,,,,,,,,,,,,,,,,,
2022-07-27,1,518,14,0.027027027027027,6,0,6,0,2,0,0,0,0,0,0,0,0,0,0,,,,,,,,,,,,,,,,,,
2022-07-28,1,417,10,0.0239808153477218,2,0,2,0,3,0,1,0,0,0,0,0,0,2,2,,,,,,,,,,,,,,,,,,
2022-07-29,0,129,2,0.0155038759689922,0,0,1,0,0,0,1,0,0,0,0,0,0,0,0,,,,,,,,,,,,,,,,,,
2022-07-30,0,53,2,0.0377358490566037,0,0,1,0,0,0,1,0,0,0,0,0,0,0,0,,,,,,,,,,,,,,,,,,
2022-07-31,0,51,2,0.0392156862745098,0,0,2,0,0,0,0,0,0,0,0,0,0,1,0,,,,,,,,,,,,,,,,,,
2022-08-01,0,219,9,0.0410958904109589,0,0,0,3,1,0,1,0,0,0,0,0,0,8,4,,,,,,,,,,,,,,,,,,
2022-08-02,0,326,10,0.0306748466257668,0,0,2,1,3,0,4,0,0,0,0,0,0,0,0,,,,,,,,,,,,,,,,,,
2022-08-03,1,644,24,0.0372670807453416,5,1,10,0,2,0,6,0,0,0,0,0,0,0,0,,,,,,,,,,,,,,,,,,
2022-08-04,1,443,19,0.0428893905191873,1,1,4,4,1,0,6,0,0,0,2,0,0,1,0,,,,,,,,,,,,,,,,,,
2022-08-05,6,397,17,0.0428211586901763,1,0,5,2,1,0,3,0,0,0,0,0,0,5,5,,,,,,,,,,,,,,,,,,
2022-08-06,0,64,0,0.0,0,0,0,0,0,0,0,0,0,0,0,0,0,0,0,,,,,,,,,,,,,,,,,,
2022-08-07,0,50,4,0.08,0,0,1,0,0,0,1,0,0,0,0,0,0,3,2,,,,,,,,,,,,,,,,,,
2022-08-08,0,118,4,0.0338983050847457,0,0,1,0,1,0,0,0,0,0,0,0,0,4,2,,,,,,,,,,,,,,,,,,
2022-08-09,2,598,13,0.0217391304347826,0,0,7,2,2,0,1,0,0,0,0,0,0,2,1,,,,,,,,,,,,,,,,,,
2022-08-10,2,215,21,0.0976744186046511,1,1,6,4,4,0,5,0,0,0,0,0,0,0,0,,,,,,,,,,,,,,,,,,
2022-08-11,1,275,4,0.0145454545454545,0,0,1,1,1,0,1,0,0,0,0,0,0,0,0,,,,,,,,,,,,,,,,,,
2022-08-12,0,527,12,0.0227703984819734,2,0,3,1,2,0,4,0,0,0,0,0,0,0,0,,,,,,,,,,,,,,,,,,
2022-08-13,0,111,0,0.0,0,0,0,0,0,0,0,0,0,0,0,0,0,0,0,,,,,,,,,,,,,,,,,,
2022-08-14,0,37,0,0.0,0,0,0,0,0,0,0,0,0,0,0,0,0,0,0,,,,,,,,,,,,,,,,,,
2022-08-15,2,1108,33,0.029783393501805,2,0,8,8,1,0,14,0,0,0,0,0,0,0,0,,,,,,,,,,,,,,,,,,
2022-08-16,3,923,14,0.0151679306608884,0,0,5,4,2,0,3,0,0,0,0,0,0,0,0,,,,,,,,,,,,,,,,,,
2022-08-17,0,238,3,0.0126050420168067,0,0,0,2,1,0,0,0,0,0,0,0,0,0,0,,,,,,,,,,,,,,,,,,
2022-08-18,0,88,2,0.0227272727272727,0,0,0,1,0,1,0,0,0,0,0,0,0,1,0,,,,,,,,,,,,,,,,,,
2022-08-19,1,584,17,0.0291095890410958,0,1,5,2,4,0,0,0,0,0,0,0,0,64,5,,,,,,,,,,,,,,,,,,
2022-08-20,0,40,1,0.025,0,0,0,0,0,0,0,0,0,0,0,0,0,1,1,,,,,,,,,,,,,,,,,,
2022-08-21,0,48,0,0.0,0,0,0,0,0,0,0,0,0,0,0,0,0,2,0,,,,,,,,,,,,,,,,,,
2022-08-22,1,366,17,0.0464480874316939,1,0,7,4,3,0,2,0,0,0,0,0,0,2,0,,,,,,,,,,,,,,,,,,
2022-08-23,4,4598,167,0.0363201391909525,12,3,24,9,64,1,46,0,0,0,0,0,0,10,8,,,,,,,,,,,,,,,,,,
2022-08-24,0,2766,70,0.0253073029645697,8,1,12,6,21,0,21,0,0,0,0,0,0,6,1,,,,,,,,,,,,,,,,,,
2022-08-25,19,1171,46,0.0392826643894107,4,0,13,4,13,0,11,0,0,0,0,0,0,4,1,,,,,,,,,,,,,,,,,,
2022-08-26,0,1551,27,0.0174081237911025,0,0,6,2,10,1,7,0,0,0,0,0,0,3,1,,,,,,,,,,,,,,,,,,
2022-08-27,0,791,8,0.0101137800252844,0,0,2,2,1,1,0,0,0,0,0,0,0,3,2,,,,,,,,,,,,,,,,,,
2022-08-28,0,208,15,0.0721153846153846,0,0,3,4,2,3,3,0,0,0,0,0,0,13,0,,,,,,,,,,,,,,,,,,
2022-08-29,0,388,5,0.0128865979381443,0,0,3,0,0,0,2,0,0,0,0,0,0,1,0,,,,,,,,,,,,,,,,,,
2022-08-30,5,2508,85,0.0338915470494417,8,4,14,7,16,0,27,0,0,0,0,0,0,11,9,,,,,,,,,,,,,,,,,,
2022-08-31,5,1683,45,0.0267379679144385,8,4,11,4,3,0,15,0,0,0,0,0,0,0,0,,,,,,,,,,,,,,,,,,
2022-09-01,7,2339,64,0.0273621205643437,8,5,22,5,6,0,17,0,0,0,0,0,0,4,1,,,,,,,,,,,,,,,,,,
2022-09-02,1,3157,69,0.0218561925878999,13,1,17,7,17,2,11,0,0,0,0,0,0,4,1,,,,,,,,,,,,,,,,,,
2022-09-03,0,204,4,0.0196078431372549,0,0,3,0,0,0,1,0,0,0,0,0,0,1,0,,,,,,,,,,,,,,,,,,
2022-09-04,1,570,13,0.0228070175438596,0,0,5,2,1,1,3,0,0,0,0,0,0,1,1,,,,,,,,,,,,,,,,,,
2022-09-05,6,1339,49,0.0365944734876773,6,4,13,7,4,1,11,0,0,0,0,0,0,3,3,,,,,,,,,,,,,,,,,,
2022-09-06,9,2762,106,0.0383779869659666,22,6,33,6,9,1,28,0,0,0,0,0,0,2,1,,,,,,,,,,,,,,,,,,
2022-09-07,8,3419,86,0.0251535536706639,15,5,28,5,10,1,21,0,0,0,0,0,0,2,1,,,,,,,,,,,,,,,,,,
2022-09-08,2,1317,33,0.0250569476082004,3,0,13,4,1,0,9,0,0,0,0,0,0,6,3,,,,,,,,,,,,,,,,,,
2022-09-09,0,359,15,0.0417827298050139,2,0,0,4,4,0,2,0,0,0,0,0,0,5,3,,,,,,,,,,,,,,,,,,
2022-09-10,0,102,3,0.0294117647058823,0,0,0,0,1,0,2,0,0,0,0,0,0,0,0,,,,,,,,,,,,,,,,,,
2022-09-11,0,145,2,0.0137931034482758,0,0,1,0,0,0,1,0,0,0,0,0,0,0,0,,,,,,,,,,,,,,,,,,
2022-09-12,5,3322,92,0.0276941601444912,4,4,19,15,2,0,42,0,0,0,0,0,0,39,6,,,,,,,,,,,,,,,,,,
2022-09-13,14,2127,126,0.0592383638928067,2,8,22,24,30,0,36,0,0,0,0,0,0,14,4,,,,,,,,,,,,,,,,,,
2022-09-14,6,3367,123,0.0365310365310365,11,4,24,29,25,1,23,0,0,0,0,0,0,7,6,,,,,,,,,,,,,,,,,,
2022-09-15,8,2647,145,0.0547789950887797,4,5,25,32,23,5,35,0,0,0,0,0,0,17,16,,,,,,,,,,,,,,,,,,
2022-09-16,4,1728,68,0.0393518518518518,2,3,19,16,8,1,11,0,0,0,2,0,0,8,6,,,,,,,,,,,,,,,,,,
2022-09-17,0,359,19,0.0529247910863509,0,0,4,4,6,0,3,0,0,0,0,0,0,2,2,,,,,,,,,,,,,,,,,,
2022-09-18,0,208,15,0.0721153846153846,0,0,5,1,2,0,7,0,0,0,0,0,0,0,0,,,,,,,,,,,,,,,,,,
2022-09-19,0,200,3,0.015,0,0,0,1,0,0,0,0,0,0,0,0,0,3,2,,,,,,,,,,,,,,,,,,
2022-09-20,13,21454,386,0.0179919828470215,20,6,53,86,32,12,135,0,0,0,0,0,0,43,42,,,,,,,,,,,,,,,,,,
2022-09-21,9,5986,144,0.0240561309722686,4,5,20,30,15,7,40,0,0,0,0,0,0,25,23,,,,,,,,,,,,,,,,,,
2022-09-22,9,3399,132,0.0388349514563106,6,6,24,32,11,7,33,0,0,0,2,0,0,12,11,,,,,,,,,,,,,,,,,,
2022-09-23,16,4376,155,0.0354204753199268,9,8,34,16,17,7,54,0,0,0,0,0,0,10,10,,,,,,,,,,,,,,,,,,
2022-09-24,1,769,27,0.0351105331599479,0,0,5,6,8,0,7,0,0,0,0,0,0,3,1,,,,,,,,,,,,,,,,,,
2022-09-25,0,304,11,0.0361842105263157,0,0,6,1,0,0,2,0,0,0,2,0,0,0,0,,,,,,,,,,,,,,,,,,
2022-09-26,10,5540,123,0.0222021660649819,5,5,25,23,12,15,22,0,0,0,0,0,0,16,16,,,,,,,,,,,,,,,,,,
2022-09-27,11,3729,67,0.0179672834540091,5,5,17,14,4,1,17,0,0,0,0,0,0,7,4,,,,,,,,,,,,,,,,,,
2022-09-28,13,3799,92,0.0242168991839957,4,5,18,22,11,3,23,0,0,0,0,0,0,6,6,,,,,,,,,,,,,,,,,,
2022-09-29,8,8368,160,0.0191204588910133,13,5,37,29,2,11,47,0,0,0,1,0,0,15,15,,,,,,,,,,,,,,,,,,
2022-09-30,6,3058,69,0.0225637671680837,0,6,14,12,4,4,22,0,0,0,4,0,0,21,3,,,,,,,,,,,,,,,,,,
2022-10-01,0,232,5,0.021551724137931,0,0,1,2,0,0,2,0,0,0,0,0,0,0,0,,,,,,,,,,,,,,,,,,
2022-10-02,0,293,5,0.0170648464163822,0,0,2,2,0,1,0,0,0,0,0,0,0,1,0,,,,,,,,,,,,,,,,,,
2022-10-03,6,3370,60,0.0178041543026706,1,6,25,10,0,1,15,0,0,0,0,0,0,11,2,,,,,,,,,,,,,,,,,,
2022-10-04,0,2052,19,0.0092592592592592,2,0,6,5,1,0,3,0,0,0,0,0,0,3,2,,,,,,,,,,,,,,,,,,
2022-10-05,0,355,21,0.0591549295774647,2,1,5,1,0,0,10,0,0,0,0,0,0,4,2,,,,,,,,,,,,,,,,,,
2022-10-06,5,940,44,0.0468085106382978,4,4,5,1,0,0,13,0,0,0,1,0,0,16,16,,,,,,,,,,,,,,,,,,
2022-10-07,0,188,2,0.0106382978723404,0,0,1,0,0,0,0,0,0,0,1,0,0,1,0,,,,,,,,,,,,,,,,,,
2022-10-08,0,63,1,0.0158730158730158,0,0,1,0,0,0,0,0,0,0,0,0,0,0,0,,,,,,,,,,,,,,,,,,
2022-10-09,0,152,5,0.0328947368421052,2,0,2,0,0,0,1,0,0,0,0,0,0,0,0,,,,,,,,,,,,,,,,,,
2022-10-10,7,1400,32,0.0228571428571428,1,4,6,6,1,0,12,0,0,0,0,0,0,4,2,,,,,,,,,,,,,,,,,,
2022-10-11,4,1389,42,0.0302375809935205,8,5,11,5,1,2,10,0,0,0,0,0,0,1,0,,,,,,,,,,,,,,,,,,
2022-10-12,3,816,22,0.0269607843137254,0,2,3,1,2,3,9,0,0,0,0,0,0,21,2,,,,,,,,,,,,,,,,,,
2022-10-13,5,1334,38,0.0284857571214392,2,4,6,2,0,0,19,0,0,0,0,0,0,10,5,,,,,,,,,,,,,,,,,,
2022-10-14,0,142,0,0.0,0,0,0,0,0,0,0,0,0,0,0,0,0,3,0,,,,,,,,,,,,,,,,,,
2022-10-15,0,84,1,0.0119047619047619,0,0,0,0,0,0,0,0,0,0,0,0,0,1,1,,,,,,,,,,,,,,,,,,
2022-10-16,0,78,0,0.0,0,0,0,0,0,0,0,0,0,0,0,0,0,0,0,,,,,,,,,,,,,,,,,,
2022-10-17,1,463,10,0.0215982721382289,2,1,4,1,1,0,0,0,0,0,1,0,0,0,0,,,,,,,,,,,,,,,,,,
2022-10-18,5,1700,64,0.0376470588235294,3,3,14,2,4,0,20,0,0,0,2,0,0,16,16,,,,,,,,,,,,,,,,,,
2022-10-19,0,501,15,0.029940119760479,1,0,2,0,1,0,4,0,0,0,0,0,0,7,7,,,,,,,,,,,,,,,,,,
2022-10-20,1,436,16,0.036697247706422,2,0,2,1,7,0,1,0,0,0,0,0,0,7,3,,,,,,,,,,,,,,,,,,
2022-10-21,0,93,1,0.010752688172043,0,0,0,0,0,0,1,0,0,0,0,0,0,0,0,,,,,,,,,,,,,,,,,,
2022-10-22,0,45,1,0.0222222222222222,0,0,0,1,0,0,0,0,0,0,0,0,0,0,0,,,,,,,,,,,,,,,,,,
2022-10-23,0,75,1,0.0133333333333333,0,0,0,0,0,0,1,0,0,0,0,0,0,0,0,,,,,,,,,,,,,,,,,,
2022-10-24,0,133,2,0.0150375939849624,0,0,2,0,0,0,0,0,0,0,0,0,0,0,0,,,,,,,,,,,,,,,,,,
2022-10-25,0,75,0,0.0,0,0,0,0,0,0,0,0,0,0,0,0,0,0,0,,,,,,,,,,,,,,,,,,
2022-10-26,4,762,11,0.0144356955380577,0,3,4,1,0,0,3,0,0,0,0,0,0,0,0,,,,,,,,,,,,,,,,,,
2022-10-27,0,246,10,0.040650406504065,1,0,1,1,1,0,1,0,0,0,0,0,0,7,5,,,,,,,,,,,,,,,,,,
2022-10-28,0,118,2,0.0169491525423728,0,0,0,2,0,0,0,0,0,0,0,0,0,0,0,,,,,,,,,,,,,,,,,,
2022-10-29,0,43,0,0.0,0,0,0,0,0,0,0,0,0,0,0,0,0,1,0,,,,,,,,,,,,,,,,,,
2022-10-30,0,398,0,0.0,0,0,0,0,0,0,0,0,0,0,0,0,0,0,0,,,,,,,,,,,,,,,,,,
2022-10-31,1,322,12,0.0372670807453416,4,0,6,0,1,0,1,0,0,0,0,0,0,0,0,,,,,,,,,,,,,,,,,,
